GRBname,Trig_ID,T90,T90_err,redshift,z_err,conversion
GRB220715B,1116441.0,40.408,1.21781,,,3.74e-11
GRB220714B,1116221.0,49.04,7.735328,,,3.39e-11
GRB220711B,1115766.0,87.056,9.321645,,,3.39e-11
GRB220708A,1115156.0,4.0,1.414214,,,4.11e-11
GRB220706A,1114937.0,85.996,18.3338,,,3.57e-11
GRB220701A,1114034.0,13.524,2.596553,,,4.48e-11
GRB220623A,1111672.0,56.796,4.030395,,,3.68e-11
GRB220618A,1110821.0,106.368,50.87108,,,3.1099999999999995e-11
GRB220611A,1110090.0,57.0,12.36932,2.3608,+0.0002-0.0002,3.35e-11
GRB220521A,1107466.0,13.548,2.691501,5.6,,3.72e-11
GRB220518A,1107050.0,12.288,3.035787,,,3.49e-11
GRB220501A,1104842.0,202.24,20.60134,,,
GRB220430A,1104692.0,43.144,0.5641277,,,5.33e-11
GRB220427A,1104343.0,57.216,12.31129,,,3.44e-11
GRB220412B,1102329.0,0.14,0.03999999,,,
GRB220412A,1102281.0,44.26,7.827425,,,3.96e-11
GRB220408A,1101675.0,17.244,1.109104,,,3.66e-11
GRB220404A,1101133.0,5.28,0.9467079,,,
GRB220403B,1101053.0,26.968,3.276352,,,3.6899999999999997e-11
GRB220325A,1099310.0,3.504,0.5576414,,,5.0799999999999995e-11
GRB220319A,1098132.0,6.42,1.375034,,,3.21e-11
GRB220306B,1095288.0,12.336,3.2358,,,4.98e-11
GRB220305A,1095215.0,28.0,5.385165,,,3.88e-11
GRB220302A,1094950.0,6.592,2.093265,,,5.49e-11
GRB220218A,1093860.0,270.84,47.92474,,,
GRB220118A,1093742.0,10.608,1.779528,,,3.53e-11
GRB220117B,1093611.0,24.368,4.633444,,,3.5899999999999994e-11
GRB220117A,1093592.0,50.56,2.881111,4.961,,3.58e-11
GRB220101A,1091527.0,161.888,12.70973,4.61,,4.07e-11
GRB211227A,1091101.0,83.512,7.556661,0.228,,6.07e-11
GRB211225B,1090853.0,121.52,2.969466,,,
GRB211223C,1090656.0,11.076,0.7190773,,,
GRB211221A,1090472.0,136.528,13.88821,,,6.199999999999999e-11
GRB211211A,1088940.0,50.712,0.9292406,0.076or0.459,,4.2099999999999995e-11
GRB211207A,1088376.0,3.728,0.8713943,2.272,,3.33e-11
GRB211129A,1085430.0,643.688,204.2677,,,3.61e-11
GRB211025A,1081113.0,95.264,28.96553,,,2.7999999999999997e-11
GRB211024B,1081073.0,600.008,18.17655,1.1137,+0.0002-0.0002,3.13e-11
GRB211023B,1080859.0,1.3,0.2656012,0.862,,3.17e-11
GRB210930A,1075565.0,11.812,1.940826,,,3.68e-11
GRB210919A,1073893.0,0.1639999,0.03124102,,,3.48e-11
GRB210912A,1072990.0,20.696,3.605352,,,4.16e-11
GRB210905A,1071993.0,778.4,388.4563,6.318,,3.47e-11
GRB210901A,1071488.0,46.784,7.716331,,,2.81e-11
GRB210824A,1070157.0,77.632,16.68195,,,3.6499999999999997e-11
GRB210822A,1069788.0,185.676,46.63205,1.736,,4.1299999999999996e-11
GRB210820A,1069551.0,151.74,20.5579,,,2.8399999999999997e-11
GRB210818A,1069169.0,73.56,1.6042,,,4.48e-11
GRB210807C,1064421.0,89.972,6.255759,,,7.66e-11
GRB210807A,1064221.0,143.664,45.61776,,,4.62e-11
GRB210731A,1062336.0,22.512,2.785228,1.2525,,3.44e-11
GRB210730A,1062150.0,3.86,0.6578146,,,3.49e-11
GRB210726A,1061687.0,0.3839999,0.1112115,0.35,+0.15-0.15,3.2599999999999996e-11
GRB210725B,1061554.0,417.908,158.7659,,,4.79e-11
GRB210725A,1061511.0,53.544,11.2535,,,4.389999999999999e-11
GRB210724A,1061482.0,44.176,5.377863,,,2.8199999999999997e-11
GRB210723A,1061284.0,55.064,449.6802,,,6.49e-11
GRB210722A,1061223.0,50.204,10.53831,1.145,,3.61e-11
GRB210712A,1059881.0,121.284,18.71801,,,3.37e-11
GRB210708A,1059460.0,2.772,0.7000486,,,3.0199999999999997e-11
GRB210702A,1058804.0,219.472,107.8858,1.1757,+0.0093-0.0093,3.5399999999999995e-11
GRB210619B,1056757.0,60.912,0.2734373,1.937,,3.8999999999999995e-11
GRB210618A,1056426.0,2.132,0.4384883,,,3.25e-11
GRB210610B,1054681.0,69.384,2.534148,1.13,,3.43e-11
GRB210610A,1054627.0,13.616,3.15131,3.54,,3.43e-11
GRB210527A,1051453.0,64.464,10.62998,,,2.85e-11
GRB210517A,1048783.0,3.056,1.399429,2.486,,3.71e-11
GRB210515C,1048618.0,55.712,26.70112,,,2.8399999999999997e-11
GRB210514A,1048372.0,70.208,0.7405187,,,4.0999999999999994e-11
GRB210509A,1047531.0,10.816,1.4402,,,3.95e-11
GRB210504A,1046782.0,142.984,9.329086,2.077,,2.9799999999999997e-11
GRB210430A,1046014.0,13.932,2.814344,,,
GRB210422A,1044678.0,39.0,7.28011,,,
GRB210421A,1044426.0,79.2,26.8282,,,3.6499999999999997e-11
GRB210420B,1044382.0,158.16,29.6897,1.400,,3.92e-11
GRB210419C,1044236.0,54.492,12.01047,,,1.9699999999999997e-11
GRB210419A,1044032.0,71.076,13.78015,,,2.6099999999999996e-11
GRB210411C,1042398.0,12.8,0.5970595,2.826,,3.5899999999999994e-11
GRB210410A,1042113.0,52.876,4.145965,,,4.58e-11
GRB210403A,1040345.0,167.66,7.821848,,,
GRB210402A,1040123.0,238.708,18.79081,,,3.4199999999999996e-11
GRB210323A,1038247.0,1.12,0.3228931,,,4.41e-11
GRB210321A,1037828.0,8.212,0.5039683,1.487,,3.5399999999999995e-11
GRB210318A,1037339.0,80.0,50.59644,,,3.52e-11
GRB210308A,1036227.0,6.188,0.8128592,,,
GRB210307A,1036139.0,270.812,74.80052,,,
GRB210306B,1036024.0,23.84,2.226818,,,
GRB210306A,1035994.0,637.312,34.85352,,,
GRB210305A,1035922.0,67.524,4.210722,,,
GRB210226A,1034721.0,20.804,1.675958,,,3.52e-11
GRB210222B,1034325.0,12.112,0.9076387,2.198,,
GRB210218A,1033328.0,215.928,30.25372,,,
GRB210217A,1033264.0,4.0,1.414214,,,3.72e-11
GRB210212A,1032183.0,80.0,35.77709,,,4.269999999999999e-11
GRB210211A,1032024.0,451.3,203.991,,,3.4199999999999996e-11
GRB210210A,1031728.0,6.604,0.5893182,0.715,,3.71e-11
GRB210209A,1031636.0,139.408,21.51339,,,3.9799999999999994e-11
GRB210207B,1031297.0,92.528,4.539089,1.4-1.9,,3.75e-11
GRB210205A,1030629.0,22.864,4.013992,,,4.1299999999999996e-11
GRB210119A,1017711.0,0.06400001,0.02039607,,,
GRB210112A,1016881.0,107.6,13.01977,,,3.6e-11
GRB210104B,1015919.0,19.944,2.39839,,,4.3799999999999994e-11
GRB210104A,1015873.0,32.048,0.4893915,0.92,+0.3-0.3,3.49e-11
GRB210102C,1015728.0,87.232,5.088934,,,
GRB201229A,1015088.0,53.248,4.613441,,,3.74e-11
GRB201223A,1014316.0,29.0,6.708204,,,3.3399999999999996e-11
GRB201221D,1014037.0,0.164,0.03999991,1.046,,5.5e-11
GRB201221A,1013852.0,44.316,5.946339,5.7,,4.53e-11
GRB201216C,1013243.0,48.0,16.0,1.1,,4.1399999999999994e-11
GRB201209A,1011980.0,48.0,16.0,,,3.56e-11
GRB201203A,1010946.0,12.184,2.097451,,,3.4199999999999996e-11
GRB201128A,1009679.0,8.524,3.21968,,,3.27e-11
GRB201105A,1004239.0,33.68,4.02718,,,
GRB201104B,1004168.0,8.66,0.1618394,1.954,,3.72e-11
GRB201029A,1003002.0,491.024,17.62968,,,3.6299999999999994e-11
GRB201027A,1002158.0,11.736,2.607163,,,3.8099999999999996e-11
GRB201026A,1002103.0,271.784,10.68311,,,4.54e-11
GRB201024A,1001514.0,5.0,2.236068,0.999,,3.29e-11
GRB201021C,1001130.0,24.384,6.760978,1.070,,4.03e-11
GRB201020A,1000926.0,14.36,4.750731,2.903,,3.1399999999999996e-11
GRB201017A,1000613.0,22.08,6.252424,,,4.71e-11
GRB201015A,1000452.0,9.776,3.470783,0.426,,3.9799999999999994e-11
GRB201014A,1000255.0,36.196,8.107614,4.56,,3.47e-11
GRB201013A,999948.0,7.316,0.1783929,,,7.829999999999999e-11
GRB201006A,998907.0,0.4919999,0.08560366,,,5.099999999999999e-11
GRB201001A,998344.0,15.888,3.134632,,,6.82e-11
GRB200925B,997453.0,18.804,1.47852,,,3.16e-11
GRB200922A,997024.0,10.304,1.955444,,,3.2599999999999996e-11
GRB200919A,996503.0,108.432,21.53486,,,
GRB200917A,996184.0,21.0,4.242641,,,4.1799999999999994e-11
GRB200909B,995288.0,13.704,2.167136,,,
GRB200907B,995004.0,0.832,0.1338806,,,4.48e-11
GRB200906A,994856.0,70.9,7.630306,,,3.84e-11
GRB200903A,994389.0,22.912,7.358645,,,
GRB200901B,994165.0,705.94,148.7064,,,5.929999999999999e-11
GRB200901A,994143.0,20.352,7.586552,,,2.93e-11
GRB200829A,993768.0,13.1,3.079558,1.25,+0.02-0.02,3.62e-11
GRB200819A,992099.0,26.944,7.060334,,,7.779999999999999e-11
GRB200809B,987745.0,4.2,0.6278089,,,
GRB200806A,987016.0,38.688,1.004064,,,4.49e-11
GRB200729A,984929.0,122.0,34.23449,,,6.75e-11
GRB200716C,982707.0,86.572,15.1708,,,4.2099999999999995e-11
GRB200713A,982201.0,41.972,7.986744,,,3.24e-11
GRB200711A,981957.0,29.36,3.071708,,,5.7199999999999994e-11
GRB200701A,980421.0,38.78,8.712849,,,
GRB200630A,980210.0,14.844,2.787567,,,4.4199999999999993e-11
GRB200612A,977310.0,425.924,7.266132,,,3.1499999999999995e-11
GRB200608A,976692.0,121.552,33.00627,,,
GRB200529A,974942.0,79.916,7.195824,,,2.8599999999999997e-11
GRB200528A,974827.0,59.984,1.923817,,,3.52e-11
GRB200522A,973628.0,0.6159999,0.0785875,,,4.94e-11
GRB200519A,973140.0,71.696,1.204817,,,4.71e-11
GRB200512A,971846.0,74.0,14.31782,,,6.249999999999999e-11
GRB200509A,970886.0,828.228,13.38256,,,4.3799999999999994e-11
GRB200425A,967774.0,81.0,21.66218,,,4.37e-11
GRB200416A,966554.0,6.048,0.9786521,,,3.5399999999999995e-11
GRB200411A,965784.0,0.2199999,0.04472132,,,4.11e-11
GRB200410A,965638.0,108.72,40.72945,,,3.5899999999999994e-11
GRB200409A,965484.0,16.0,5.09902,,,3.2e-11
GRB200324A,963260.0,,,,,3.83e-11
GRB200306C,960102.0,53.152,13.72531,,,4.2099999999999995e-11
GRB200306A,959917.0,32.964,1.109263,,,3.96e-11
GRB200303A,959431.0,94.22,6.395724,,,3.68e-11
GRB200228B,958733.0,7.368,1.575558,,,3.8899999999999996e-11
GRB200227A,958592.0,30.328,9.202282,,,4.71e-11
GRB200224A,958141.0,45.0,9.219544,,,
GRB200219A,957271.0,288.0,50.59644,,,5.019999999999999e-11
GRB200216B,956824.0,67.448,6.568044,,,5.99e-11
GRB200215A,956639.0,11.148,2.154535,,,5.11e-11
GRB200205B,954519.0,453.912,4.498539,1.465,,3.58e-11
GRB200131A,953689.0,32.74,0.8790541,,,4.04e-11
GRB200127A,952791.0,217.024,23.58849,,,4.2199999999999994e-11
GRB200125A,952164.0,350.336,32.96678,,,3.04e-11
GRB200122A,950330.0,190.596,4.514513,,,5.03e-11
GRB200115A,949361.0,242.14,27.23407,,,
GRB200109A,948361.0,112.0,32.0,,,5.44e-11
GRB200107B,948219.0,86.676,11.66023,,,3.8899999999999996e-11
GRB191228A,946476.0,193.816,29.87514,,,3.41e-11
GRB191227A,946344.0,55.888,16.28185,,,
GRB191221B,945521.0,48.0,16.0,1.148,,3.5399999999999995e-11
GRB191220A,945344.0,175.584,125.9951,,,3.35e-11
GRB191218A,944916.0,44.664,0.7391347,,,
GRB191213A,944091.0,118.992,18.26491,,,
GRB191130A,3110538005.0,17.56,2.876871,,,
GRB191123A,939079.0,284.812,52.23177,,,3.21e-11
GRB191122A,938899.0,125.736,31.04972,,,5.269999999999999e-11
GRB191106A,933515.0,3.436,0.324863,,,3.25e-11
GRB191101A,932742.0,142.708,18.24723,,,3.18e-11
GRB191031D,932608.0,0.288,0.04681884,,,3.31e-11
GRB191031C,932595.0,78.5,7.509189,,,3.7799999999999995e-11
GRB191031A,932435.0,12.132,2.347513,,,
GRB191029A,932058.0,41.0,8.246211,,,3.43e-11
GRB191024A,931242.0,7.084,0.9782434,,,4.0899999999999996e-11
GRB191019A,930285.0,64.348,4.449649,0.248,,3.3399999999999996e-11
GRB191017B,929981.0,4.328,0.5712057,,,4.2899999999999995e-11
GRB191016A,929744.0,126.68,7.72798,,,3.52e-11
GRB191011A,928924.0,7.352,0.9371702,1.722,,3.4599999999999996e-11
GRB191004B,927839.0,300.128,81.82884,3.503,,4.0899999999999996e-11
GRB191004A,927825.0,2.444,0.0823651,,,3.5399999999999995e-11
GRB191001B,927345.0,107.136,9.354354,,,
GRB190926A,926515.0,362.34,19.60651,,,4.12e-11
GRB190829A,922968.0,56.896,47.0011,0.0785,+0.005-0.005,4.73e-11
GRB190828B,922808.0,715.856,451.9719,,,3.45e-11
GRB190824A,922107.0,169.36,5.85471,,,4.5599999999999996e-11
GRB190821A,921722.0,57.096,2.596151,,,4.53e-11
GRB190816A,920783.0,375.76,92.22019,,,
GRB190727B,916733.0,39.196,1.311341,,,
GRB190719C,915381.0,185.828,9.597204,2.469,,4.2199999999999994e-11
GRB190718A,915091.0,704.0,995.6063,,,4.0599999999999994e-11
GRB190706B,913302.0,43.584,14.79785,,,3.8099999999999996e-11
GRB190701A,912310.0,52.432,4.017561,,,4.63e-11
GRB190630C,912239.0,38.384,9.308885,,,2.3399999999999998e-11
GRB190630B,912102.0,5.568,0.9029042,,,
GRB190627A,911609.0,2.692,0.8809541,1.942,,3.49e-11
GRB190613B,908329.0,160.82,17.08426,,,3.74e-11
GRB190613A,908288.0,17.632,3.113922,,,3.49e-11
GRB190611A,907950.0,41.76,30.62172,,,4.62e-11
GRB190610A,907754.0,0.632,0.1006578,,,
GRB190604B,906654.0,220.176,4.721114,,,3.6499999999999997e-11
GRB190519A,904394.0,44.48,2.585869,,,4.91e-11
GRB190515B,903845.0,46.512,9.644513,,,3.33e-11
GRB190512A,903357.0,40.072,11.33085,,,
GRB190511A,903158.0,27.664,2.354176,,,3.25e-11
GRB190427A,900730.0,0.1919999,0.2023858,,,
GRB190424A,900285.0,9.836,3.917965,,,
GRB190422A,899979.0,269.016,50.72131,,,5.46e-11
GRB190331A,895813.0,4.336,0.2347765,,,
GRB190326A,895006.0,0.07599998,0.03224899,,,
GRB190324A,894718.0,22.784,10.14973,1.1715,,3.28e-11
GRB190320A,893808.0,63.0,12.08305,,,3.52e-11
GRB190311A,892607.0,13.952,5.315565,,,3.76e-11
GRB190220A,889785.0,10.0,2.0,,,4.53e-11
GRB190219A,889748.0,167.74,12.79419,,,3.23e-11
GRB190211A,888648.0,10.896,1.543399,,,3.3799999999999996e-11
GRB190204A,887579.0,26.324,7.549788,,,4.3399999999999994e-11
GRB190203A,887512.0,86.56,64.57987,,,5.3e-11
GRB190202A,887217.0,16.0,5.274955,,,3.4199999999999996e-11
GRB190123A,885314.0,25.124,4.068661,,,7.33e-11
GRB190114C,883832.0,361.46,11.73603,0.42,,7.28e-11
GRB190114B,883818.0,26.492,6.690422,,,3.04e-11
GRB190114A,883600.0,67.096,9.829423,3.3765,,3.7699999999999996e-11
GRB190110A,883012.0,9.304,0.8390948,,,
GRB190109B,882809.0,6.512,0.790706,,,3.8999999999999995e-11
GRB190109A,882747.0,115.008,33.89175,,,3.48e-11
GRB190106A,882252.0,78.096,2.085136,1.859,,3.5099999999999994e-11
GRB190103B,881709.0,19.52,2.716798,,,3.9399999999999994e-11
GRB181228A,879909.0,255.152,138.0249,,,4.54e-11
GRB181224A,878911.0,12.488,4.203418,,,
GRB181213A,876016.0,15.296,1.381014,<2.4,,3.1399999999999996e-11
GRB181203A,874475.0,15.06,1.762989,,,3.8999999999999995e-11
GRB181202A,874334.0,6.56,0.6153373,,,4.3200000000000003e-11
GRB181126A,873539.0,2.092,0.1189285,,,3.0599999999999996e-11
GRB181125A,873433.0,10.512,4.78725,,,
GRB181123B,873186.0,0.26,0.04560707,,,3.17e-11
GRB181110A,871316.0,138.424,10.92778,1.505,,3.64e-11
GRB181103A,870201.0,9.168,2.872936,,,3.74e-11
GRB181030A,869494.0,303.196,78.59816,,,4.03e-11
GRB181027A,868984.0,81.304,12.10597,,,
GRB181023A,868427.0,56.984,8.033103,,,3.8999999999999995e-11
GRB181022A,868312.0,7.936,2.584365,,,4.4199999999999993e-11
GRB181020A,867987.0,238.016,11.59881,2.938,,3.29e-11
GRB181016A,867252.0,111.344,25.6273,,,
GRB181013A,866783.0,104.208,53.69581,,,3.8099999999999996e-11
GRB181010A,866434.0,15.564,2.192793,1.39,,4.0199999999999994e-11
GRB181003A,865179.0,25.492,4.762363,,,
GRB181002A,865036.0,63.408,12.34832,,,2.79e-11
GRB180930A,864584.0,6.804,0.9557908,,,3.17e-11
GRB180925A,863421.0,82.632,23.64131,,,3.8599999999999995e-11
GRB180924A,863186.0,94.816,11.84242,,,3.35e-11
GRB180905A,859421.0,165.344,28.8995,,,4.83e-11
GRB180904A,859282.0,4.632,1.031591,,,3.3799999999999996e-11
GRB180828A,856977.0,13.0,9.0,,,1.67e-10
GRB180823A,855434.0,80.296,6.893024,,,3.2e-11
GRB180821A,854578.0,64.0,22.62742,,,2.5299999999999996e-11
GRB180818B,853882.0,137.46,9.700067,,,3.8099999999999996e-11
GRB180818A,853824.0,13.712,4.050537,,,3.0299999999999995e-11
GRB180812A,852903.0,16.528,0.9701546,,,3.57e-11
GRB180809B,852553.0,233.244,1.124455,,,4.2999999999999994e-11
GRB180805B,851855.0,122.24,18.01056,,,3.3399999999999996e-11
GRB180805A,851829.0,1.676,0.4088031,,,4.469999999999999e-11
GRB180728A,850471.0,8.684,0.2973214,0.117,,4.73e-11
GRB180727A,850231.0,1.056,0.2291201,,,3.97e-11
GRB180721A,849018.0,47.6,2.98665,,,3.01e-11
GRB180720C,848932.0,122.988,31.67005,,,6.57e-11
GRB180720B,848890.0,108.4,3.688453,0.654,,3.88e-11
GRB180718A,848489.0,0.08399999,0.02332388,,,
GRB180715A,848048.0,0.684,0.0877269,,,
GRB180709A,846868.0,194.808,31.21534,,,8.81e-11
GRB180706A,846395.0,42.444,7.162597,,,3.2e-11
GRB180705A,846299.0,106.784,16.20255,,,4.12e-11
GRB180704A,846088.0,19.656,1.404706,,,4.8899999999999994e-11
GRB180630A,845443.0,18.96,6.314562,,,4.3299999999999995e-11
GRB180626A,844615.0,30.104,1.411388,,,3.6299999999999994e-11
GRB180624A,844192.0,466.652,35.75626,2.855,,3.32e-11
GRB180623A,844015.0,114.88,6.81987,,,9.249999999999999e-11
GRB180620B,843211.0,223.968,26.13269,1.1175,,3.6499999999999997e-11
GRB180620A,843122.0,22.948,4.987643,<1.2,,4.98e-11
GRB180618A,842475.0,47.424,11.20165,<1.2,,3.28e-11
GRB180614A,841548.0,7.092,0.9411482,,,4.16e-11
GRB180613A,840853.0,50.816,8.359981,,,4.9599999999999995e-11
GRB180602A,835200.0,53.204,10.1975,,,3.9799999999999994e-11
GRB180514A,832368.0,31.16,4.105078,,,3.56e-11
GRB180512A,832119.0,24.0,7.071068,,,5.29e-11
GRB180510B,831816.0,134.016,52.92255,1.305,,3.8199999999999995e-11
GRB180510A,831810.0,64.0,16.0,,,3.84e-11
GRB180504A,830822.0,115.264,48.69505,,,3.72e-11
GRB180425A,828672.0,11.904,2.712271,,,3.3399999999999996e-11
GRB180418A,826428.0,4.408,2.491104,,,3.2999999999999996e-11
GRB180411A,824451.0,77.976,1.006229,,,6.13e-11
GRB180410A,824063.0,114.8,14.42931,,,6.219999999999999e-11
GRB180407A,823001.0,100.628,33.93973,,,
GRB180404B,821902.0,111.708,6.988862,,,3.87e-11
GRB180404A,821881.0,36.28,5.351026,1.000,,3.6899999999999997e-11
GRB180402A,821103.0,0.1799999,0.0312411,,,6.009999999999999e-11
GRB180331B,820513.0,78.032,4.738945,,,3.72e-11
GRB180331A,820347.0,48.0,22.62742,,,
GRB180329B,819490.0,213.536,49.42257,1.998,,3.58e-11
GRB180329A,819301.0,36.0,7.28011,,,
GRB180325A,817564.0,92.828,1.519991,2.25,,3.6899999999999997e-11
GRB180324A,817345.0,7.216,1.302287,,,6.91e-11
GRB180316A,814677.0,87.0,20.59126,,,3.84e-11
GRB180314B,814305.0,55.424,6.539602,,,5.0799999999999995e-11
GRB180314A,814129.0,50.464,21.83587,1.445,,3.8999999999999995e-11
GRB180311A,813721.0,23.04,8.712467,,,3.17e-11
GRB180224A,811561.0,10.92,3.568276,,,4.3299999999999995e-11
GRB180222A,811235.0,42.304,12.74307,,,6.379999999999999e-11
GRB180221A,811074.0,11.0,3.162278,,,
GRB180205A,808625.0,15.536,3.146993,1.409,,3.4e-11
GRB180204A,808483.0,1.164,0.1170982,,,4.4199999999999993e-11
GRB180115A,805318.0,39.144,2.992023,2.487,,3.4199999999999996e-11
GRB180113A,804999.0,64.0,16.0,,,
GRB180111A,804692.0,50.892,1.880136,,,3.87e-11
GRB180103A,803066.0,150.4,1.6,,,
GRB180102A,802999.0,11.56,1.731802,,,3.48e-11
GRB171222A,799669.0,173.872,23.86951,2.409,,3.29e-11
GRB171216A,797441.0,30.08,7.586093,,,4.12e-11
GRB171212A,796778.0,304.0,64.0,,,8.57e-11
GRB171211A,796469.0,2.176,0.455368,,,4.3399999999999994e-11
GRB171209A,796100.0,161.648,30.75877,1.8-2.8,,3.4199999999999996e-11
GRB171205A,794972.0,190.472,33.88084,0.037,,4.0499999999999996e-11
GRB171123A,791922.0,58.464,27.05325,,,2.97e-11
GRB171120A,791201.0,64.0,16.0,,,6.919999999999999e-11
GRB171115A,790053.0,36.772,5.180241,,,3.91e-11
GRB171103A,785850.0,4.268,1.105854,,,
GRB171102B,785510.0,18.88,3.915107,,,7.299999999999999e-11
GRB171027A,783479.0,96.772,4.90697,,,3.83e-11
GRB171027A,783479.0,96.772,4.90697,,,3.83e-11
GRB171020A,780845.0,41.856,9.191579,1.87,,4.469999999999999e-11
GRB171020A,780845.0,41.856,9.191579,1.87,,4.469999999999999e-11
GRB171011A,778154.0,2.28,0.2329979,,,
GRB171010B,778019.0,30.4,1.6,,,
GRB171007A,777215.0,68.424,19.32885,,,4.9e-11
GRB171004A,776347.0,105.54,14.30644,,,3.3799999999999996e-11
GRB171001A,775553.0,20.916,1.351077,,,3.1099999999999995e-11
GRB170921A,773509.0,28.8,5.925533,,,3.4199999999999996e-11
GRB170912B,772052.0,17.884,7.833112,,,8.9e-11
GRB170912A,772006.0,21.184,5.435481,,,3.71e-11
GRB170906C,770981.0,45.076,4.800244,,,3.37e-11
GRB170906B,770958.0,19.2,1.6,,,5.36e-11
GRB170906A,770957.0,88.112,1.444798,,,3.64e-11
GRB170903A,770528.0,27.724,4.506508,0.886,,3.84e-11
GRB170827A,769567.0,98.624,31.70298,,,3e-11
GRB170823A,769177.0,69.408,12.03175,,,
GRB170822A,768939.0,64.0,16.0,,,4.3600000000000003e-11
GRB170813A,767563.0,72.544,12.10174,,,4.16e-11
GRB170810A,767284.0,152.42,21.49788,,,3.47e-11
GRB170807A,766821.0,36.324,7.972911,,,
GRB170804A,766194.0,56.48,18.68044,,,3.2599999999999996e-11
GRB170803A,766081.0,3.82,0.2368121,,,3.72e-11
GRB170728B,765130.0,47.68,26.4967,,,4.0499999999999996e-11
GRB170728A,765008.0,1.248,0.2468684,,,3.32e-11
GRB170724A,764204.0,98.98,20.75716,,,
GRB170714A,762535.0,459.216,94.60989,0.793,,3.8199999999999995e-11
GRB170711A,761622.0,31.212,7.390577,,,4.15e-11
GRB170710B,86619001.0,54.4,1.6,,,
GRB170710A,761119.0,33.12,10.86116,,,3.62e-11
GRB170705A,760064.0,223.204,15.55201,2.010,,3.64e-11
GRB170629A,759159.0,34.428,12.76203,,,5.16e-11
GRB170626A,758766.0,12.948,0.3465948,,,3.71e-11
GRB170607A,756284.0,320.0,172.3253,0.557,,3.4e-11
GRB170604A,755867.0,26.528,2.839763,1.329,,3.66e-11
GRB170531B,755354.0,170.296,9.106015,2.366,,3.3799999999999996e-11
GRB170531A,755343.0,32.304,7.928195,,,3.87e-11
GRB170526A,754549.0,8.312,2.4456,,,2.91e-11
GRB170524B,753445006.0,46.4,1.6,,,
GRB170524A,754322.0,0.1039999,0.01788858,,,
GRB170519A,753445.0,220.252,143.8385,0.818,,3.4e-11
GRB170516A,753110.0,36.768,11.61786,,,3.25e-11
GRB170428A,750298.0,0.1999999,0.07375638,,,2.5099999999999996e-11
GRB170419B,748947.0,65.856,11.26015,,,
GRB170419A,748898.0,7.776,1.751105,,,3.92e-11
GRB170405A,745797.0,165.312,32.89292,3.510,,3.61e-11
GRB170331A,744791.0,17.616,2.476901,,,3.36e-11
GRB170330A,744773.0,144.468,2.18785,,,4.24e-11
GRB170325A,34941009.0,0.3319999,0.07088015,,,
GRB170318B,743086.0,1.072,0.2218468,,,9.56e-11
GRB170318A,743065.0,116.916,31.52705,,,8.529999999999999e-11
GRB170317A,742866.0,11.952,4.874961,,,3.53e-11
GRB170311A,741965.0,9.0,2.828427,,,4.8399999999999996e-11
GRB170307A,741528.0,29.92,28.17616,,,
GRB170306A,741220.0,21.008,6.527453,,,3.9399999999999994e-11
GRB170208B,737463.0,128.136,5.718968,,,3.52e-11
GRB170208A,737438.0,7.448,0.5432937,,,4.07e-11
GRB170206B,737125.0,13.36,2.677025,,,3.1399999999999996e-11
GRB170205A,736843.0,26.128,3.183611,,,4.0899999999999996e-11
GRB170203A,736432.0,45.904,5.961554,,,
GRB170202A,736407.0,37.76,11.71811,3.645,,3.21e-11
GRB170131A,736107.0,,,,,
GRB170127B,735331.0,0.512,0.1448862,,,4.0199999999999994e-11
GRB170127A,735326.0,67.376,12.0329,,,4.54e-11
GRB170126A,735188.0,9.536,1.580683,,,4.3799999999999994e-11
GRB170115A,733103.0,32.044,9.16922,,,2.93e-11
GRB170113A,732526.0,20.296,4.332635,1.968,,3.8999999999999995e-11
GRB170112A,732188.0,0.05599993,0.01788858,,,
GRB170111A,731887.0,29.876,9.71117,,,4.58e-11
GRB170101A,729293.0,3.104,0.848,,,
GRB161224A,728268.0,47.376,11.5829,,,
GRB161220A,727610.0,7.22,1.754254,,,2.1800000000000002e-11
GRB161219B,727541.0,6.932,0.7931809,0.1475,,3.8499999999999996e-11
GRB161218A,727288.0,7.2,0.5458938,,,
GRB161217A,727167.0,12.036,2.449433,,,3.45e-11
GRB161214B,726885.0,24.896,3.182645,<1.5,,3.2999999999999996e-11
GRB161202A,725036.0,118.496,0.7124746,,,3.68e-11
GRB161129A,724438.0,35.544,2.095133,,,4.28e-11
GRB161117B,722642.0,152.312,3.153553,,,4.2599999999999994e-11
GRB161117A,722604.0,125.7,1.093376,1.549,,3.4599999999999996e-11
GRB161113A,722063.0,43.464,5.282643,,,3.27e-11
GRB161108A,721234.0,115.836,11.66004,0.50,+0.12-0.12,3.49e-11
GRB161105A,720697.0,177.696,25.07348,,,4.2099999999999995e-11
GRB161104A,720568.0,0.09999996,0.01788853,0.788,,5.5999999999999994e-11
GRB161022A,718655.0,7.248,1.06949,,,3.79e-11
GRB161017A,718023.0,217.048,6.863246,2.013,,3.2e-11
GRB161014A,717500.0,23.0,4.472136,2.823,,3.75e-11
GRB161011A,716876.0,4.276,1.263095,,,3.57e-11
GRB161007A,716127.0,157.692,40.52403,,,4.53e-11
GRB161004B,715246.0,15.72,0.7521914,,,5.0499999999999994e-11
GRB161004A,715084.0,1.32,0.2997866,,,4.55e-11
GRB161001A,714404.0,2.6,0.3853518,0.891,,4.46e-11
GRB160927A,713782.0,0.4879999,0.1024499,,,3.74e-11
GRB160917A,712505.0,14.52,1.815709,,,4.07e-11
GRB160912A,711914.0,207.308,16.02694,,,4.19e-11
GRB160905A,711084.0,64.0,16.0,,,4.58e-11
GRB160827A,710050.0,14.048,5.579305,,,
GRB160826A,709907.0,52.616,14.3925,,,5.5099999999999996e-11
GRB160824A,709765.0,99.332,7.877792,,,4.91e-11
GRB160821B,709357.0,0.48,0.07299317,0.16,,3.27e-11
GRB160821A,709351.0,112.636,1.0967,,,
GRB160819A,86022006.0,67.2,1.6,,,
GRB160815A,708598.0,8.568,1.834296,,,3.87e-11
GRB160804A,707231.0,152.744,19.20321,0.736,,3.58e-11
GRB160801A,706871.0,2.852,0.4154275,,,3.96e-11
GRB160726A,706052.0,0.7279999,0.04308133,,,
GRB160716A,704572.0,6.392,0.5750131,,,6.54e-11
GRB160714A,704310.0,0.3479999,0.112641,,,
GRB160712A,704155.0,44.528,6.373164,,,3.95e-11
GRB160709A,703769.0,4.8,1.6,,,
GRB160705B,703176.0,54.58,12.57402,,,3.18e-11
GRB160703A,702699.0,45.008,3.024024,<~1.5,,
GRB160630A,702252.0,29.552,5.608428,,,4.59e-11
GRB160625A,701503.0,53.92,3.099135,,,6.009999999999999e-11
GRB160624A,701288.0,0.192,0.1431084,0.483,,4.55e-11
GRB160623A,,,,,,
GRB160612A,31791037.0,0.248,0.04816639,,,
GRB160611A,690598.0,35.124,6.0016,,,4.11e-11
GRB160607A,689597.0,33.492,0.4464437,,,3.67e-11
GRB160601A,688452.0,0.1199999,0.02262742,,,3.1899999999999995e-11
GRB160525B,687522.0,0.2919999,0.04560698,,,3.3799999999999996e-11
GRB160525A,687492.0,,,,,
GRB160519A,686818.0,35.616,6.069317,,,
GRB160506A,685245.0,260.528,78.31821,,,4.11e-11
GRB160504A,685124.0,53.96,5.68137,,,3.4e-11
GRB160501A,684679.0,,,,,3.3799999999999996e-11
GRB160425A,684098.0,304.596,15.02803,0.555,,3.1099999999999995e-11
GRB160424A,683906.0,6.464,0.9516974,,,
GRB160419A,683383.0,9.416,1.587331,,,
GRB160417A,683076.0,14.552,2.317058,,,3.1099999999999995e-11
GRB160412A,682522.0,32.18,3.930079,,,3.16e-11
GRB160411A,682339.0,0.3559999,0.0756042,,,3.92e-11
GRB160410A,682269.0,96.0,50.59644,1.717,,4.6799999999999996e-11
GRB160409A,682162.0,48.0,1.6,,,
GRB160408A,682059.0,0.3199999,0.03687817,,,3.32e-11
GRB160327A,680655.0,33.744,9.37472,4.99,+0.2-0.9,3.4e-11
GRB160325A,680436.0,61.724,12.05326,,,3.87e-11
GRB160321A,680017.0,33.476,4.828278,,,6.969999999999999e-11
GRB160314A,679120.0,8.732,1.516381,0.726,,3.32e-11
GRB160313A,678929.0,41.536,6.183212,,,3.61e-11
GRB160303A,677495.0,4.976,1.006252,<2.3,,3.7699999999999996e-11
GRB160228A,676595.0,98.908,23.89074,,,4.4e-11
GRB160227A,676423.0,316.348,75.75925,2.38,,3.8499999999999996e-11
GRB160225A,675998.0,157.456,70.49155,,,3.0999999999999996e-11
GRB160223A,675361.0,134.864,17.45236,,,
GRB160220B,674734.0,31.116,3.016923,,,3.7e-11
GRB160220A,674670.0,8.26,1.166424,,,4.0099999999999996e-11
GRB160216A,673978.0,11.0,1.0,,,4.48e-11
GRB160203A,672525.0,17.44,2.285985,3.52,,3.76e-11
GRB160131A,672236.0,327.752,71.02902,0.972,,3.5399999999999995e-11
GRB160127A,671828.0,6.156,0.9366579,,,3.57e-11
GRB160123A,671447.0,3.952,0.6232464,,,3.47e-11
GRB160121A,671231.0,10.5,2.395617,1.960,,4.2099999999999995e-11
GRB160119A,671014.0,120.14,14.98463,,,3.32e-11
GRB160117B,670800.0,11.536,2.608028,0.87,,3.5899999999999994e-11
GRB160117A,670793.0,137.0,20.39608,,,
GRB160104A,669319.0,16.564,2.787651,2.8or3.84,,3.76e-11
GRB151229A,668689.0,1.44,0.4471465,,,4.2999999999999994e-11
GRB151228B,668641.0,48.0,16.0,,,3.4e-11
GRB151228A,668543.0,0.276,0.04,,,
GRB151215A,667392.0,17.848,1.013714,2.59,,3.56e-11
GRB151210A,666931.0,86.96,10.67124,,,3.43e-11
GRB151205B,666378.0,1.436,0.2375879,,,
GRB151205A,666352.0,64.0,35.77709,,,4.79e-11
GRB151127A,665268.0,0.1879999,0.04252059,,,2.8999999999999997e-11
GRB151122A,664653.0,36.8,1.6,,,
GRB151118A,664078.0,23.568,10.67949,,,5.2e-11
GRB151114A,663490.0,4.856,0.9766965,,,3.5099999999999994e-11
GRB151112A,663179.0,58.864,22.72541,4.1,+0.3-0.3,3.05e-11
GRB151111A,663074.0,76.044,12.75371,3.5,+0.3-0.3,3.7e-11
GRB151107A,662757.0,,,,,
GRB151031A,662330.0,5.0,2.236068,1.167,,3.27e-11
GRB151029A,662086.0,8.952,3.955078,1.423,,2.7e-11
GRB151027B,661869.0,80.0,35.77709,4.063,,3.8499999999999996e-11
GRB151027A,661775.0,129.58,5.465449,0.810,,3.44e-11
GRB151023A,661253.0,10.76,4.372265,,,5.2099999999999993e-11
GRB151022A,661036.0,117.68,18.77789,,,5.959999999999999e-11
GRB151021A,660671.0,110.056,3.593864,2.330,,3.44e-11
GRB151006A,657750.0,211.056,39.07355,,,3.8899999999999996e-11
GRB151004A,657564.0,137.272,17.02453,,,
GRB151001B,657321.0,131.52,26.85292,,,5.4e-11
GRB151001A,657286.0,9.828,3.199572,,,3.68e-11
GRB150925A,656604.0,122.132,26.69568,,,4.0899999999999996e-11
GRB150915A,655721.0,160.0,57.68882,1.968,,
GRB150911A,655262.0,7.136,0.5997466,,,3.9799999999999994e-11
GRB150910A,655097.0,112.272,36.48014,1.360,,3.7799999999999995e-11
GRB150907B,654803.0,62.02,11.12464,,,3.9299999999999996e-11
GRB150901A,654042.0,64.0,35.77709,,,
GRB150831B,653978.0,6.176,1.032961,,,4.61e-11
GRB150831A,653838.0,0.92,0.1162755,,,5.23e-11
GRB150821A,652847.0,168.944,102.3371,0.755,,3.72e-11
GRB150819A,652643.0,51.664,13.6032,,,6.279999999999999e-11
GRB150818A,652603.0,143.056,21.80262,0.282,,3.37e-11
GRB150817A,652334.0,37.996,2.130807,,,4.67e-11
GRB150811A,651882.0,31.52,7.318875,,,3.44e-11
GRB150801B,650977.0,408.708,29.61914,,,7.82e-11
GRB150728A,650617.0,0.832,0.2307553,,,1.1000000000000001e-10
GRB150727A,650530.0,87.956,10.98515,0.313,,2.7799999999999997e-11
GRB150724A,650141.0,280.008,43.96185,,,3.48e-11
GRB150722A,649916.0,67.312,11.76489,,,3.32e-11
GRB150720A,649706.0,238.536,44.41951,,,
GRB150716A,649157.0,42.568,5.589477,,,3.62e-11
GRB150711A,648601.0,70.956,14.21344,,,3.5499999999999994e-11
GRB150710B,84694006.0,13.84,5.041073,,,
GRB150710A,648437.0,0.152,0.06013319,,,
GRB150626B,646786.0,48.0,22.62742,,,4.78e-11
GRB150626A,646603.0,97.264,34.93727,,,3.91e-11
GRB150616A,644259.0,608.408,104.2196,,,3.8199999999999995e-11
GRB150615A,643833.0,32.684,7.489407,,,3.29e-11
GRB150607A,642620.0,25.988,0.8887407,,,4.07e-11
GRB150530B,84922008.0,3.0,1.414214,,,
GRB150530A,642018.0,6.896,0.8172539,,,6.7e-11
GRB150527A,641698.0,108.8,84.10581,,,5.0099999999999994e-11
GRB150513A,640584.0,161.564,4.780453,,,
GRB150430A,639433.0,106.88,7.027553,,,3.76e-11
GRB150428B,639278.0,130.948,15.55052,,,4.0099999999999996e-11
GRB150428A,639275.0,53.2,15.37787,,,4.48e-11
GRB150424A,638946.0,81.056,17.48003,0.3or>0.7or1.0,,3.33e-11
GRB150423A,638808.0,0.2159999,0.02828424,1.394,,4.3799999999999994e-11
GRB150413A,637899.0,243.596,40.82853,3.139,+0.003-0.003,
GRB150407A,637342.0,,,,,
GRB150403A,637044.0,37.296,11.71655,2.06,,3.95e-11
GRB150402A,636865000.0,14.4,1.6,,,
GRB150323C,636005.0,159.664,44.61752,,,2.65e-11
GRB150323B,635929.0,59.2,1.6,,,
GRB150323A,635887.0,149.728,9.122436,0.593,,3.39e-11
GRB150318A,635289.0,87.444,20.83833,,,2.93e-11
GRB150317A,635148.0,23.284,0.8501294,,,6.199999999999999e-11
GRB150314A,634795.0,14.78,2.629217,1.758,,3.9399999999999994e-11
GRB150309A,634200.0,242.04,5.996356,,,3.99e-11
GRB150302A,633237.0,23.872,8.729609,,,3.2599999999999996e-11
GRB150301B,633180.0,17.136,4.635059,1.5169,,3.71e-11
GRB150301A,632995.0,0.484,0.1440555,,,8.8e-11
GRB150222A,632180.0,15.836,6.851308,,,3.53e-11
GRB150213B,631051.0,209.0,74.24284,,,3.8e-11
GRB150212A,630876.0,15.488,3.318294,,,2.99e-11
GRB150211A,630714.0,13.608,2.016032,,,4.7199999999999996e-11
GRB150206A,630019.0,75.0,12.68542,2.087,,3.6899999999999997e-11
GRB150204A,84702002.0,14.0,2.236068,,,
GRB150203A,629578.0,24.436,2.767821,,,5.37e-11
GRB150202A,629547.0,25.472,4.820012,,,3.5399999999999995e-11
GRB150201A,629302.0,26.592,4.788166,,,3.47e-11
GRB150120B,627170.0,24.336,3.277924,,,3.6899999999999997e-11
GRB150120A,627137.0,1.196,0.1536749,0.460,,4.2e-11
GRB150110B,624606.0,10.58,0.9501663,,,4.0099999999999996e-11
GRB150103A,623368.0,49.088,9.807099,,,6.58e-11
GRB150101B,91964035.0,0.01199996,0.008944237,0.1343,+0.003-0.003,
GRB150101A,623158.0,0.05999994,0.01131373,,,6.869999999999999e-11
GRB141229A,85478004.0,6.4,1.6,,,
GRB141225A,622476.0,86.148,45.22258,0.915,,3.8899999999999996e-11
GRB141221A,622006.0,36.816,4.103726,1.452,,3.36e-11
GRB141220A,621915.0,7.232,0.4790157,1.32,,3.68e-11
GRB141212B,621234.0,10.508,0.6856238,,,3.0599999999999996e-11
GRB141212A,621229.0,0.288,0.09732416,0.596,,3.5899999999999994e-11
GRB141205A,620534.0,1.664,,,,
GRB141130A,620090.0,62.856,11.37204,,,2.99e-11
GRB141121A,619182.0,481.004,38.0626,1.47,,3.49e-11
GRB141109B,618032.0,220.504,11.3443,,,3.5099999999999994e-11
GRB141109A,618024.0,200.188,48.1482,2.993,,3.48e-11
GRB141102A,617316.0,14.4,1.6,,,
GRB141031B,617149.0,15.624,2.554846,,,4.83e-11
GRB141031A,617110.0,464.0,472.2711,,,5.37e-11
GRB141026A,616502.0,139.476,14.83812,3.35,,3.88e-11
GRB141022A,616061.0,8.716,1.559595,,,3.99e-11
GRB141020A,615873.0,14.896,2.165387,,,3.53e-11
GRB141017A,615672.0,55.808,2.864162,,,3.4999999999999995e-11
GRB141015A,615399.0,11.0,4.123106,,,5.97e-11
GRB141005A,614415.0,3.472,0.5902677,,,3.66e-11
GRB141004A,614390.0,3.924,1.11246,0.573,,4.269999999999999e-11
GRB140930B,614094.0,0.8439999,0.1198833,,,3.88e-11
GRB140927A,613775.0,6.256,1.426034,,,3.87e-11
GRB140919A,613160.0,152.304,21.27984,,,3.44e-11
GRB140916A,612804.0,68.976,9.45079,,,3.32e-11
GRB140909A,612132.0,,,,,
GRB140907A,611933.0,80.0,35.77709,1.21,,3.84e-11
GRB140903A,611599.0,0.2959999,0.03417603,0.351,+0.001-0.001,4.2999999999999994e-11
GRB140901B,611389.0,6.4,1.6,,,
GRB140828A,610953.0,19.148,4.15047,,,
GRB140824A,610501.0,3.084,0.4906159,,,3.49e-11
GRB140818B,609885.0,31.552,16.04614,,,3.66e-11
GRB140817A,609736.0,258.344,17.06827,,,4.0099999999999996e-11
GRB140730A,607742.0,40.896,3.37763,,,3.8e-11
GRB140719B,605700.0,54.0,12.53994,,,
GRB140719A,605612.0,48.0,22.62742,,,3.5099999999999994e-11
GRB140716A-2,604793.0,124.8,1.6,,,
GRB140716A-1,604792.0,124.8,1.6,,,
GRB140713A,604232.0,6.016,0.728066,,,5.0399999999999995e-11
GRB140710A,603954.0,3.0,2.236068,0.558,,3.92e-11
GRB140709B,603866.0,156.732,26.22964,,,3.4599999999999996e-11
GRB140709A,603810.0,105.192,7.385089,,,4.78e-11
GRB140706A,603587.0,47.844,3.941705,,,3.6899999999999997e-11
GRB140703A,603243.0,68.644,66.45644,3.14,,3.8199999999999995e-11
GRB140629A,602884.0,38.272,11.62265,2.275,,3.27e-11
GRB140628A,602803.0,10.54,0.8737689,,,3.5099999999999994e-11
GRB140626A,602604.0,16.16,1.234162,,,3.58e-11
GRB140622A,602278.0,0.132,0.03577711,0.959,,4.24e-11
GRB140619A,602080.0,233.048,13.54655,,,3.4e-11
GRB140614B,601662.0,49.872,7.994274,,,5.16e-11
GRB140614A,601646.0,77.392,15.89091,4.233,,3.96e-11
GRB140611A,601292.0,3.2,1.6,,,
GRB140610A,601259.0,93.252,3.352321,,,6.349999999999999e-11
GRB140607A,601051.0,94.768,16.23545,,,
GRB140606A,600951.0,0.34,0.09440341,,,
GRB140529A,91901003.0,8.144,1.510878,,,
GRB140521A,599546.0,9.876,1.092381,,,
GRB140518A,599287.0,60.524,2.482379,4.707,,3.4e-11
GRB140516A,599188.0,0.256,0.1431083,,,4.5e-11
GRB140515A,599037.0,23.416,2.036035,6.33,,3.6299999999999994e-11
GRB140512A,598819.0,154.112,4.652795,0.725,,4e-11
GRB140509A,598497.0,23.216,5.171157,2.4,,3.48e-11
GRB140506A,598284.0,111.104,9.546715,0.889,,4.2099999999999995e-11
GRB140502A,597841.0,15.12,1.888115,,,6.83e-11
GRB140430A,597722.0,173.588,3.70742,1.60,,3.43e-11
GRB140428A,597519.0,17.424,5.897145,4.7,,2.2999999999999998e-11
GRB140423A,596901.0,134.144,23.10331,3.26,,3.1399999999999996e-11
GRB140419A,596426.0,80.076,3.775044,3.956,,3.47e-11
GRB140414A,84568002.0,0.4959999,0.06835206,,,
GRB140413A,595616.0,132.976,14.36711,,,3.1099999999999995e-11
GRB140412A,595608.0,48.0,22.62742,,,2.87e-11
GRB140408A,595141.0,3.628,0.6061551,,,4.519999999999999e-11
GRB140402A,594308.0,0.896,,,,
GRB140331A,594081.0,209.656,32.75182,4.65,+0.34-2.80,3.36e-11
GRB140323A,592916.0,106.488,3.256028,,,4.1799999999999994e-11
GRB140320A,592544.0,0.512,0.2307553,,,2.9799999999999997e-11
GRB140318A,592204.0,7.604,1.276033,1.02,,3.01e-11
GRB140311B,591392.0,129.6,1.6,,,4.1799999999999994e-11
GRB140311A,591390.0,70.48,7.5877,4.954,,3.9799999999999994e-11
GRB140305A,590446.0,20.304,5.354152,,,
GRB140304A,590206.0,14.784,1.401371,5.283,,3.56e-11
GRB140302A,589685.0,98.724,11.40405,,,6.969999999999999e-11
GRB140301A,589590.0,27.804,8.388573,1.416,,3.13e-11
GRB140215A,586680.0,25.632,5.641815,,,3.9299999999999996e-11
GRB140213A,586569.0,59.932,2.707028,1.2076,,3.75e-11
GRB140211A,586289.0,109.532,26.24938,,,
GRB140209A,586071.0,20.432,9.627082,,,4.11e-11
GRB140206A,585834.0,94.188,18.36108,2.73,,3.8499999999999996e-11
GRB140129B,585149.0,1.36,0.2129413,,,3.49e-11
GRB140129A,585128.0,3.0,1.414214,,,3.48e-11
GRB140118A,584136.0,84.092,9.746598,,,
GRB140114A,583861.0,139.948,15.88016,3.0,+0.1-0.1,3.08e-11
GRB140108A,583338.0,95.232,3.224261,,,5.7599999999999994e-11
GRB140103A,582773.0,17.344,1.909304,,,3.2e-11
GRB140102A,582760.0,55.08,15.41812,,,3.8599999999999995e-11
GRB131229A,582374.0,48.0,16.0,,,5.03e-11
GRB131227A,582184.0,17.988,1.550974,5.3,,4.8399999999999996e-11
GRB131226A,582123.0,7.228,0.156205,,,
GRB131224B,32923023.0,8.348,1.076909,,,
GRB131205A,580267.0,20.344,0.9385947,,,3.95e-11
GRB131202A,579982.0,30.196,8.794466,,,3.61e-11
GRB131128A,579683.0,3.0,1.414214,,,4.3299999999999995e-11
GRB131127A,579571.0,94.972,15.13601,,,3.4999999999999995e-11
GRB131120A,578227.0,130.432,21.30318,,,
GRB131117A,577968.0,10.88,2.811633,4.042,,3.1899999999999995e-11
GRB131110A,20326002.0,76.8,1.6,,,
GRB131105A,576738.0,112.208,4.102308,1.686,,3.6e-11
GRB131103A,576562.0,15.208,3.034674,0.5955,,3.99e-11
GRB131031A,576277.0,6.4,1.6,,,
GRB131030A,576238.0,39.424,3.674833,1.293,,3.4199999999999996e-11
GRB131024B,575754.0,96.816,27.40645,,,4.1799999999999994e-11
GRB131024A,575707.0,112.0,35.77709,,,3.4199999999999996e-11
GRB131018A,574935.0,73.216,18.97341,,,3.84e-11
GRB131004A,573190.0,1.536,0.3263372,0.717,,3.96e-11
GRB131002B,572742.0,52.0,11.18034,,,4.66e-11
GRB131002A,572721.0,56.528,4.10831,,,3.4599999999999996e-11
GRB131001A,82217006.0,5.0,1.0,,,
GRB130929A,572308.0,12.24,4.059281,,,7.29e-11
GRB130925A,571830.0,160.296,3.390408,0.348,,4.08e-11
GRB130919A,571271.0,99.684,26.02806,,,
GRB130913A,570531.0,41.6,1.6,,,
GRB130912A,570465.0,0.2839999,0.02884447,,,4.9999999999999995e-11
GRB130907A,569992.0,364.368,5.447201,1.238,,3.9799999999999994e-11
GRB130831B,568855.0,37.584,9.546102,,,3.62e-11
GRB130831A,568849.0,30.192,2.326272,0.4791,,3.9299999999999996e-11
GRB130829A,568417.0,51.884,8.18045,,,
GRB130822A,567163.0,0.04399997,0.01131373,,,3.2599999999999996e-11
GRB130816B,566561.0,8.676,2.34176,,,4.23e-11
GRB130816A,566545.0,29.976,1.356997,,,4.79e-11
GRB130812A,566228.0,7.628,0.5464943,,,4e-11
GRB130807A,565651.0,293.04,26.61044,,,5.53e-11
GRB130806A,565562.0,5.78,0.4116115,,,6.11e-11
GRB130803A,565263.0,43.572,1.606636,,,4.429999999999999e-11
GRB130727A,564342.0,13.564,0.8034824,,,3.67e-11
GRB130725B,564028.0,4.776,0.8550837,,,3.61e-11
GRB130725A,563980.0,101.52,20.22616,,,2.81e-11
GRB130722A,563213.0,98.368,12.86089,,,4.74e-11
GRB130719A,562625.0,146.968,22.65453,,,
GRB130716A,561974.0,87.672,19.90591,,,3.22e-11
GRB130708A,560515.0,11.2,1.6,,,
GRB130701A,559482.0,4.38,0.2526341,1.155,,3.84e-11
GRB130627B,559139.0,48.0,35.77709,,,7.209999999999999e-11
GRB130627A,559132.0,18.048,5.472988,,,3.52e-11
GRB130626A,559075.0,0.16,0.02884439,,,
GRB130625A,558982.0,41.272,9.484648,,,4.2499999999999995e-11
GRB130623A,32867001.0,17.616,1.960963,,,
GRB130615A,558271.0,332.556,28.54506,,,3.28e-11
GRB130612A,557976.0,4.0,1.414214,2.006,,3.2599999999999996e-11
GRB130610A,557845.0,47.724,10.73987,2.092,,3.18e-11
GRB130609B,557828.0,211.172,17.05549,,,3.5399999999999995e-11
GRB130609A,557782.0,7.056,0.7976866,,,2.99e-11
GRB130608A,557771.0,151.852,10.6119,,,2.8399999999999997e-11
GRB130606A,557589.0,276.656,19.63085,5.9134,,3.7699999999999996e-11
GRB130605A,557508.0,10.176,3.20064,,,2.49e-11
GRB130604A,557354.0,76.284,29.75946,1.06,,3.57e-11
GRB130603B,557310.0,0.176,0.02400005,0.3565,,3.67e-11
GRB130603A,557274.0,69.128,23.42629,,,3.8199999999999995e-11
GRB130529A,556930.0,87.592,11.07914,,,5.1199999999999995e-11
GRB130528A,556870.0,640.0,560.0,1.250,,4.48e-11
GRB130527A,556753.0,64.0,16.0,,,4.54e-11
GRB130521A,556344.0,10.956,2.504527,,,
GRB130518B,556105.0,8.0,1.6,,,
GRB130518A,556113.0,81.6,1.6,2.488,,
GRB130515A,555880.0,0.2959999,0.06092618,,,3.99e-11
GRB130514A,555821.0,214.192,17.32063,3.6,+0.2-0.2,3.62e-11
GRB130511A,555600.0,2.74,0.3978543,1.3033,,3.62e-11
GRB130508A,555413.0,42.912,10.12762,,,9.56e-11
GRB130505A,555163.0,89.344,111.1542,2.27,,3.8199999999999995e-11
GRB130504A,555096.0,120.032,25.33566,,,7.01e-11
GRB130502A,554996.0,7.568,4.449841,,,3.48e-11
GRB130427B,554635.0,25.904,5.971843,2.78,,3.7799999999999995e-11
GRB130427A,554620.0,244.332,4.732489,0.3399,,3.91e-11
GRB130420B,553996.0,12.636,5.226953,,,3.6299999999999994e-11
GRB130420A,553977.0,121.136,11.74938,1.297,,3.05e-11
GRB130419A,553918.0,85.584,49.15265,,,
GRB130418A,553847.0,274.924,39.31953,1.218,,4.16e-11
GRB130408A,553132.0,4.24,0.6807055,3.758,,3.74e-11
GRB130327A,552063.0,6.372,1.408036,,,3.04e-11
GRB130315A,551126.0,230.508,17.96899,,,4.24e-11
GRB130313A,550906.0,0.1719999,0.03577708,,,
GRB130306A,550457.0,272.38,9.340315,,,5.19e-11
GRB130305A,550329.0,52.8,1.6,,,
GRB130216B,548918.0,17.6,1.6,,,
GRB130216A,548927.0,6.52,1.086212,,,
GRB130215A,548760.0,66.224,10.66485,0.597,,
GRB130211A,548276.0,30.752,6.35498,,,2.5099999999999996e-11
GRB130206A,547918.0,121.0,32.38827,,,
GRB130131B,547420.0,4.3,0.2574024,2.539,,3.9399999999999994e-11
GRB130131A,547407.0,51.524,2.512194,,,3.33e-11
GRB130122A,546731.0,76.544,20.77052,,,3.95e-11
GRB130102A,544784.0,132.78,17.77114,,,6.169999999999999e-11
GRB121229A,544347.0,111.46,41.32595,2.707,,3.17e-11
GRB121226A,544027.0,1.012,0.2032142,,,4.41e-11
GRB121217A,542441.0,778.092,16.13797,3.1,+0.1-0.1,4.58e-11
GRB121212A,541371.0,6.056,1.380598,,,3.1899999999999995e-11
GRB121211A,541200.0,182.696,38.73146,1.023,,3.48e-11
GRB121209A,540964.0,42.92,1.432201,2.1,+0.3-0.3,4.12e-11
GRB121202A,540255.0,19.536,1.492265,,,3.5399999999999995e-11
GRB121201A,540178.0,38.0,8.246211,3.385,,4.1399999999999994e-11
GRB121128A,539866.0,23.428,1.649514,2.20,,4.1799999999999994e-11
GRB121125A,539563.0,52.252,5.03752,,,3.33e-11
GRB121123A,539358.0,326.092,14.29083,,,3.5499999999999994e-11
GRB121117A,538696.0,23.3,2.897719,,,4.429999999999999e-11
GRB121108A,537921.0,89.548,47.53646,,,4.55e-11
GRB121102A,537266.0,54.68,13.93574,,,5.849999999999999e-11
GRB121031A,537195.0,226.2,19.38332,,,3.95e-11
GRB121028A,536897.0,2.876,0.3705995,,,5.5199999999999994e-11
GRB121027A,536831.0,80.088,40.7569,1.773,,3.0699999999999995e-11
GRB121024A,536580.0,67.968,31.72367,2.298,,3.52e-11
GRB121017A,536172.0,4.608,0.5840719,,,4.519999999999999e-11
GRB121014A,535960.0,80.0,22.62742,,,
GRB121011A,535764.0,97.236,17.16797,,,3.57e-11
GRB121001A,535026.0,147.824,18.60492,,,7.719999999999999e-11
GRB120927A,534815.0,35.056,15.61516,,,4.78e-11
GRB120923A,534402.0,26.076,6.823564,7.84,+0.06-0.12,4.12e-11
GRB120922A,534394.0,168.224,29.23869,3.1,+0.2-0.2,3.44e-11
GRB120918A,534015.0,25.096,2.46917,,,
GRB120913B,533613.0,122.588,4.456214,,,
GRB120913A,533568.0,36.044,5.679292,,,
GRB120911A,533268.0,21.468,3.847558,,,5.4299999999999996e-11
GRB120909A,533060.0,220.596,304.9668,3.93,,3.4999999999999995e-11
GRB120907A,532871.0,6.08,0.7846528,0.970,,3.87e-11
GRB120819A,531428.0,71.02,17.33262,,,4.74e-11
GRB120817B,531259.0,0.072,,,,
GRB120817A,531267.0,28.208,6.664192,,,4.75e-11
GRB120816A,531223.0,4.432,0.9769176,,,4.8499999999999994e-11
GRB120815A,531003.0,7.232,2.516761,2.3586,,4.0199999999999994e-11
GRB120811C,530689.0,24.344,3.055921,2.671,,3.64e-11
GRB120811A,530581.0,29.008,4.938826,,,5.3499999999999996e-11
GRB120807A,530267.0,19.884,5.762541,,,4.9299999999999994e-11
GRB120805A,530031.0,48.0,22.62742,3.1,+0.1-0.1,5.58e-11
GRB120804A,529686.0,0.808,0.08323456,1.3,N/AN/A,4.2099999999999995e-11
GRB120803B,529606.0,39.012,7.256395,,,8.539999999999998e-11
GRB120803A,529582.0,8.888,2.295485,,,7.06e-11
GRB120802A,529486.0,50.288,31.03504,3.796,,3.56e-11
GRB120729A,529095.0,93.928,36.63556,0.80,,4.11e-11
GRB120728A,529021.0,20.976,2.059219,,,3.53e-11
GRB120724A,528443.0,77.924,18.62399,1.48,,3.7e-11
GRB120722A,528195.0,36.32,6.444982,0.9586,,8.279999999999999e-11
GRB120714B,526642.0,157.312,23.9863,0.3984,,
GRB120714A,526593.0,20.0,4.472136,,,2.9799999999999997e-11
GRB120712A,526351.0,14.808,3.236215,4.1745,,3.09e-11
GRB120711B,526270.0,60.096,20.14455,,,
GRB120703A,525671.0,51.704,21.39616,,,3.61e-11
GRB120701A,525477.0,14.16,0.654107,,,3.5899999999999994e-11
GRB120630A,525451.0,0.5959999,0.2099142,,,4.1399999999999994e-11
GRB120624B,525068.0,179.664,1.460022,2.1974,,
GRB120612A,524128.0,90.284,13.58858,,,3.41e-11
GRB120521C,522656.0,27.068,4.33578,5.93,+0.11-0.14,3.5099999999999994e-11
GRB120521B,522586.0,146.832,27.94449,,,6.41e-11
GRB120521A,522578.0,0.512,0.1431084,,,4.7699999999999994e-11
GRB120514A,522197.0,164.344,5.842773,,,6.7e-11
GRB120422A,520658.0,60.352,5.727911,0.28253,,2.14e-11
GRB120404A,519380.0,38.724,4.091992,2.876,,3.58e-11
GRB120403B,519256.0,7.284,1.919334,,,3.48e-11
GRB120403A,519211.0,1.396,0.2253974,,,
GRB120401A,519043.0,130.272,24.22921,4.5,+0.5-0.5,3.8499999999999996e-11
GRB120328A,518792.0,29.928,6.665064,,,4.7599999999999996e-11
GRB120327A,518731.0,63.532,7.028584,2.8145,,4.3799999999999994e-11
GRB120326A,518626.0,69.48,8.179648,1.798,,3.74e-11
GRB120324A,518507.0,118.424,10.01002,,,5.57e-11
GRB120320A,518200.0,24.976,3.545387,,,3.47e-11
GRB120312A,517566.0,14.156,4.16517,,,4.82e-11
GRB120311B,517489.0,29.688,6.023572,,,4.2899999999999995e-11
GRB120311A,517469.0,3.48,0.8197951,,,3.9799999999999994e-11
GRB120308A,517234.0,61.256,16.81484,,,4.2499999999999995e-11
GRB120305A,516997.0,0.0999999,0.01200002,,,4.51e-11
GRB120302A,516694.0,49.6,1.6,,,
GRB120229A,516571.0,0.2359999,0.03687817,,,
GRB120224A,515976.0,7.0,2.236068,1.1,+0.2-0.2,3.6499999999999997e-11
GRB120219A,515375.0,92.528,10.92266,,,3.23e-11
GRB120218A,515277.0,31.376,2.297226,,,
GRB120215A,515015.0,7.924,1.198361,,,3.1899999999999995e-11
GRB120213A,514767.0,41.028,12.77639,,,3.36e-11
GRB120212A,514709.0,5.0,2.236068,,,3.29e-11
GRB120211A,514586.0,64.32,8.832058,2.4,+0.1-0.1,5.48e-11
GRB120121A,512164.0,26.8,3.419168,,,6.809999999999999e-11
GRB120119A,512035.0,68.0,7.071068,1.728,,4.78e-11
GRB120118B,512003.0,20.304,2.695277,2.943,,3.6899999999999997e-11
GRB120116A,511866.0,38.044,4.148432,,,3.4599999999999996e-11
GRB120114A,511739.0,48.0,1.6,,,
GRB120106A,511235.0,63.5,4.620838,,,4.8799999999999996e-11
GRB120102A,510922.0,38.708,3.507323,,,4.03e-11
GRB111229A,510736.0,25.372,5.584181,1.3805,,3.67e-11
GRB111228A,510649.0,101.244,5.448429,0.71627,,3.48e-11
GRB111225A,510341.0,105.728,26.17938,0.297,,4.519999999999999e-11
GRB111215A,509717.0,373.82,93.22025,,,3.9399999999999994e-11
GRB111212A,509543.0,56.304,9.350303,,,3.43e-11
GRB111210A,509419.0,2.516,0.1320606,,,5.23e-11
GRB111209A,509337.0,810.968,52.10948,0.677,,
GRB111208A,509285.0,168.0,1.6,,,
GRB111207A,509245.0,16.0,1.6,,,
GRB111204A,509018.0,48.0,22.62742,,,5.6699999999999995e-11
GRB111201A,508800.0,20.8,1.6,,,
GRB111129A,508712.0,8.476,1.277693,1.0796,,3.91e-11
GRB111126A,48079001.0,0.6719999,0.03939543,,,
GRB111123A,508319.0,290.0,88.09086,3.1516,,2.99e-11
GRB111121A,508161.0,113.332,20.42031,,,4.57e-11
GRB111117A,507901.0,0.4639999,0.05366561,2.211or1.3,+0.46-0.23,3.76e-11
GRB111109A,507342.0,13.0,3.162278,,,3.53e-11
GRB111107A,507185.0,31.072,7.152555,2.893,,3.2999999999999996e-11
GRB111103B,506903.0,144.776,33.90184,,,4.44e-11
GRB111103A,506902.0,11.616,0.4493195,,,
GRB111029A,506519.0,7.196,0.7906478,,,4.57e-11
GRB111026A,506291.0,3.58,1.064218,,,
GRB111022B,506074.0,83.028,12.96728,,,4.349999999999999e-11
GRB111022A,506070.0,22.82,4.282616,,,4.2499999999999995e-11
GRB111020A,505926.0,0.384,0.09329524,,,5.099999999999999e-11
GRB111018A,505801.0,32.708,4.215587,,,6.329999999999999e-11
GRB111016A,505646.0,548.996,107.3738,,,3.1099999999999995e-11
GRB111008A,505054.0,62.848,2.259477,4.99005,,3.44e-11
GRB111005A,504779.0,23.212,5.06103,0.01326,,
GRB110928A,504215.0,20.88,4.534872,,,4.3799999999999994e-11
GRB110921A,503652.0,32.548,4.442038,,,3.88e-11
GRB110915A,503219.0,79.568,2.982415,,,3.58e-11
GRB110827A,501520.0,8.516,1.100605,,,
GRB110820A,501095.0,264.616,8.685691,,,4.9999999999999995e-11
GRB110818A,500914.0,102.84,18.00357,3.36,,3.5499999999999994e-11
GRB110808A,458918.0,40.704,9.028595,1.348,,2.89e-11
GRB110801A,458521.0,385.256,8.934749,1.858,,3.35e-11
GRB110731A,458448.0,40.944,11.5924,2.83,,3.99e-11
GRB110726A,458059.0,5.156,1.107307,1.036,,3.29e-11
GRB110719A,457553.0,41.228,9.598508,,,4.2599999999999994e-11
GRB110715A,457330.0,13.0,4.0,0.8224,,5.07e-11
GRB110709B,456967.0,810.472,10.41164,,,3.4999999999999995e-11
GRB110709A,456939.0,44.328,0.5420701,,,4.94e-11
GRB110625A,456073.0,42.5,8.889727,,,1.24e-10
GRB110610A,455155.0,49.444,6.062587,,,4.78e-11
GRB110604A,454779.0,,,,,
GRB110530A,454473.0,55.728,12.53004,,,3.7e-11
GRB110521A,453788.0,96.0,49.0408,,,5.099999999999999e-11
GRB110520A,453747.0,20.864,5.367231,,,4.8399999999999996e-11
GRB110519A,453628.0,27.184,2.980856,,,
GRB110503A,452685.0,58.7,47.0071,1.613,,3.5399999999999995e-11
GRB110422A,451901.0,25.784,0.5954494,1.770,,3.92e-11
GRB110420B,451794.0,0.08399993,0.02154065,,,
GRB110420A,451757.0,13.868,1.302564,,,3.53e-11
GRB110414A,451343.0,153.116,68.9858,,,3.8499999999999996e-11
GRB110412A,451191.0,24.0,4.483256,,,
GRB110411A,451165.0,79.4,5.250351,,,3.8899999999999996e-11
GRB110407A,450884.0,155.568,21.16662,,,3.99e-11
GRB110402A,450545.0,56.208,5.08058,,,3.2e-11
GRB110319B,449578001.0,28.472,4.81483,,,
GRB110319A,449578.0,20.68,1.604414,,,3.1099999999999995e-11
GRB110318B,449549.0,4.788,0.5648362,,,4.07e-11
GRB110318A,449542.0,15.96,1.696085,,,
GRB110315A,449399.0,87.676,11.82677,,,3.79e-11
GRB110312A,449074.0,35.136,7.781077,,,3.8099999999999996e-11
GRB110305A,448229.0,12.0,2.236068,,,4.0999999999999994e-11
GRB110223B,446677.0,61.448,11.0534,,,4.3799999999999994e-11
GRB110223A,446674.0,7.0,2.236068,,,3.7e-11
GRB110213A,445414.0,48.0,16.0,1.4607,,4.16e-11
GRB110212A,445321.0,3.7,0.4992955,,,
GRB110210A,445141.0,192.888,42.10384,,,3.39e-11
GRB110208A,445038.0,15.984,3.872198,,,3.35e-11
GRB110207A,444912.0,82.58,10.83043,,,
GRB110205A,444643.0,249.416,15.03472,2.22,,3.52e-11
GRB110201A,444230.0,14.092,2.195577,,,4.6799999999999996e-11
GRB110128A,443861.0,14.152,2.489704,2.339,,3.7799999999999995e-11
GRB110119A,442978.0,213.928,10.21124,,,3.36e-11
GRB110112A,442039.0,0.524,0.147187,,,3.2599999999999996e-11
GRB110107A,90978002.0,77.0,3.605551,,,
GRB110106B,441676.0,43.424,16.59487,0.618,,3.7e-11
GRB110106A,441664.0,3.0,1.414214,,,3.21e-11
GRB110102A,441454.0,265.916,6.702153,,,3.45e-11
GRB101225A,441015.0,,,0.847,,4.0599999999999994e-11
GRB101224A,440955.0,0.244,0.04252059,,,
GRB101219B,440635.0,41.856,5.839452,0.55185,,3.5399999999999995e-11
GRB101219A,440606.0,0.8279999,0.1803996,0.718,,4.75e-11
GRB101213A,440285.0,131.12,41.95895,0.414,,3.97e-11
GRB101204A,439806.0,27.2,2.262742,,,
GRB101201A,439596.0,60.8,1.6,,,
GRB101129A,439471.0,0.384,,,,
GRB101117B,438675.0,5.172,1.691584,,,3.8599999999999995e-11
GRB101114A,438392.0,8.0,1.6,,,
GRB101030A,437408.0,98.672,7.122446,,,3.45e-11
GRB101024A,437016.0,18.692,0.5153795,,,3.8099999999999996e-11
GRB101023A,436981.0,80.824,2.112837,,,3.58e-11
GRB101020A,436737.0,172.336,29.2958,,,
GRB101017A,436429.0,72.232,3.660016,,,4.3200000000000003e-11
GRB101011A,436094.0,70.892,18.6436,,,4.1799999999999994e-11
GRB101008A,435903.0,103.504,34.04068,,,4.3299999999999995e-11
GRB100928A,435160.0,4.16,1.016094,,,
GRB100924A,434843.0,71.948,4.009638,,,
GRB100917A,434360.0,63.816,21.55596,,,
GRB100915A,434178.0,199.196,26.18867,,,5.5499999999999996e-11
GRB100906A,433509.0,114.632,1.455676,1.727,,4.07e-11
GRB100905A,433442.0,3.396,0.5036983,7.88,+0.75-0.94,3.56e-11
GRB100904A,433273.0,31.248,5.963092,,,
GRB100902A,433160.0,428.828,47.27381,,,3.8e-11
GRB100901A,433065.0,436.656,21.78751,1.4084,,3.4199999999999996e-11
GRB100823A,432420.0,17.736,3.101682,,,3.48e-11
GRB100816A,431764.0,2.884,0.6251399,0.8049,,3.7e-11
GRB100814A,431605.0,177.264,10.80321,1.44,,3.53e-11
GRB100807A,431128.0,7.744,1.438221,,,5.34e-11
GRB100805A,430957.0,16.736,3.068941,,,3.9299999999999996e-11
GRB100802A,430603.0,487.34,26.41849,,,3.53e-11
GRB100728B,430172.0,12.08,2.736327,2.106,,3.45e-11
GRB100728A,430151.0,193.384,10.57069,1.567,,4.55e-11
GRB100727A,430094.0,71.9,13.01826,,,3.5499999999999994e-11
GRB100725B,429969.0,173.696,20.15702,,,3.2999999999999996e-11
GRB100725A,429954.0,123.24,27.15305,,,6e-11
GRB100724A,429868.0,1.388,0.1557947,1.288,,3.47e-11
GRB100719A,429357.0,36.0,9.219544,,,
GRB100704A,426722.0,196.88,23.38201,,,3.9299999999999996e-11
GRB100702A,426438.0,0.512,0.1431084,,,4.469999999999999e-11
GRB100628A,426114.0,0.03599995,0.00894429,0.102,,3.1e-10
GRB100625A,425647.0,0.332,0.03687817,0.452,,2.69e-11
GRB100621A,425151.0,63.552,1.70755,0.542,,4.23e-11
GRB100619A,424998.0,97.7,1.624148,,,3.8999999999999995e-11
GRB100615A,424733.0,38.82,0.816637,1.398,,5.23e-11
GRB100614A,424716.0,225.0,55.7315,,,3.6899999999999997e-11
GRB100606A,424031.0,67.384,6.314252,,,4.309999999999999e-11
GRB100526B,423184.0,67.0,15.26434,,,4.45e-11
GRB100526A,423181.0,97.6,8.475306,,,3.09e-11
GRB100522A,422783.0,48.0,16.0,,,3.92e-11
GRB100514A,421962.0,23.016,6.614585,,,2.2e-11
GRB100513A,421814.0,83.496,21.62838,4.772,,2.9799999999999997e-11
GRB100508A,421386.0,49.26,7.429631,0.5201,,4.8499999999999994e-11
GRB100504A,421124.0,97.004,8.304781,,,3.32e-11
GRB100427A,420547.0,24.0,1.6,,,
GRB100425A,420398.0,38.968,2.313897,1.755,,3.05e-11
GRB100424A,420367.0,104.0,14.56022,2.465,,4.8099999999999994e-11
GRB100423A,420247.0,78.868,4.157884,,,
GRB100420A,419932.0,62.98,17.51882,,,3.8499999999999996e-11
GRB100418A,419797.0,7.928,1.07808,0.6239,,2.06e-11
GRB100413B,419380.0,16.0,1.6,,,
GRB100413A,419404.0,192.64,12.09429,,,4.11e-11
GRB100401A,417974.0,2.0,2.236068,,,
GRB100324A,416945.0,6.4,1.6,,,
GRB100322B,416771.0,1.0,1.414214,,,
GRB100316D,416135.0,521.88,439.6235,0.0591,,6.77e-11
GRB100316C,416115.0,9.268,1.869815,,,4.37e-11
GRB100316B,416103.0,3.836,0.4258075,1.180,,3.24e-11
GRB100316A,416076.0,6.752,0.9518655,3.155,,3.28e-11
GRB100305A,414905.0,75.616,10.40106,,,3.5099999999999994e-11
GRB100302A,414592.0,17.948,1.644021,4.813,,3.37e-11
GRB100224A,413805.0,0.484,0.2436555,,,
GRB100219A,412982.0,27.572,8.649852,4.66723,,4.3600000000000003e-11
GRB100216A,412522.0,0.208,,,,
GRB100213B,412220.0,91.856,20.34476,0.604,,4.94e-11
GRB100213A,412217.0,2.216,0.2576199,,,3e-11
GRB100212A,412081.0,163.764,13.3436,,,2.69e-11
GRB100206A,411412.0,0.1159999,0.01788858,,,4.7599999999999996e-11
GRB100205A,411248.0,25.844,4.357702,,,3.32e-11
GRB100203A,411011.0,11.2,1.6,,,
GRB100119A,383063.0,23.068,3.222928,,,
GRB100117A,382941.0,0.2919999,0.03224902,0.915,,4.5e-11
GRB100115A,377179049.0,4.0,1.414214,,,
GRB100111A,382399.0,14.0,2.236068,,,3.67e-11
GRB091221,380311.0,62.9,5.659316,,,4.51e-11
GRB091208B,378559.0,14.8,3.360838,1.0633,,3.8e-11
GRB091208A,378554.0,80.0,16.0,,,
GRB091130B,377487.0,101.76,24.03156,,,3.0199999999999997e-11
GRB091127,377179.0,6.956,0.1503596,0.49044,,3.92e-11
GRB091117,376211.0,0.64,,,,
GRB091112,375659.0,17.52,3.848358,,,
GRB091109B,375409.0,0.272,0.04681878,,,3.8499999999999996e-11
GRB091109A,375246.0,48.032,16.95022,3.076,,3.45e-11
GRB091104,374875.0,107.136,19.64406,,,2.89e-11
GRB091102,374598.0,6.648,0.466699,,,2.8399999999999997e-11
GRB091029,374210.0,39.18,4.860979,2.752,,3.13e-11
GRB091026,373871.0,174.0,72.52758,,,4.2599999999999994e-11
GRB091024,373674.0,112.28,13.76844,1.092,,6.809999999999999e-11
GRB091020,373458.0,38.92,4.888576,1.71,,3.25e-11
GRB091018,373172.0,4.368,0.5971265,0.9710,,3.47e-11
GRB090929B,371050.0,357.36,7.211015,,,3.83e-11
GRB090929A,75259002.0,43.248,4.497025,,,
GRB090927,370846.0,2.16,0.4008989,1.37,,3.3399999999999996e-11
GRB090926B,370791.0,99.284,11.29944,1.24,,5.11e-11
GRB090916,362818.0,62.448,14.73461,,,
GRB090915,362785.0,9.6,1.6,,,
GRB090912,362633.0,135.516,15.67251,,,4.5e-11
GRB090904B,361831.0,64.0,16.0,,,6.5e-11
GRB090904A,361830.0,129.532,9.365273,,,4.5599999999999996e-11
GRB090831C,361489.0,77.952,14.79992,,,4.62e-11
GRB090827,361029.0,8.0,1.6,,,
GRB090823,36390005.0,25.6,1.6,,,
GRB090815C,360068.0,0.576,0.271529,,,
GRB090814A,359951.0,78.064,7.984902,0.696,,3.8199999999999995e-11
GRB090813,359884.0,7.144,0.5654167,,,4.0999999999999994e-11
GRB090812,359711.0,74.496,15.28687,2.452,,3.6499999999999997e-11
GRB090809A,359530.0,8.868,2.874849,2.737,,3.66e-11
GRB090807A,359378.0,146.352,13.19631,,,3.41e-11
GRB090728,358574.0,64.0,35.77709,,,3.79e-11
GRB090727,358520.0,301.88,22.92145,,,4.9699999999999994e-11
GRB090726,358422.0,56.676,12.16539,2.71,,2.8799999999999997e-11
GRB090720A,357811.0,4.8,1.6,,,
GRB090715B,357512.0,266.4,11.59671,3.00,,3.31e-11
GRB090715A,357498.0,64.0,22.62742,,,
GRB090712,357072.0,202.9,44.92755,,,
GRB090709B,356912.0,26.944,4.513198,,,
GRB090709A,356890.0,88.744,1.120514,1.8,+0.54-0.66,4.08e-11
GRB090708,356776.0,8.708,1.394367,,,
GRB090628,355942.0,24.944,4.053422,,,5.099999999999999e-11
GRB090621B,355359.0,0.14,0.03687819,,,2.8799999999999997e-11
GRB090621A,355303.0,219.236,72.37849,,,6.23e-11
GRB090618,355083.0,113.34,0.5803447,0.54,,3.8099999999999996e-11
GRB090607,354299.0,2.292,0.127122,,,4.3600000000000003e-11
GRB090531B,353728.0,54.996,6.13174,,,4.91e-11
GRB090531A,353627.0,42.8,8.082234,,,7.63e-11
GRB090530,353567.0,40.456,7.86754,1.266,,3.39e-11
GRB090529A,353540.0,70.444,10.33185,2.625,,3.04e-11
GRB090520,352671.0,14.4,1.6,,,
GRB090519,352648.0,58.036,8.183147,3.85,,4.62e-11
GRB090518,352420.0,85.824,23.78201,,,3.84e-11
GRB090516A,352190.0,181.008,41.25514,4.109,,3.31e-11
GRB090515,352108.0,0.03600001,0.01649242,,,3.6299999999999994e-11
GRB090510,351588.0,5.664,1.876371,0.903,,3.83e-11
GRB090509,351525.0,336.376,33.26464,,,
GRB090429B,350854.0,5.58,0.9943702,9.38,+0.14-0.32,3.45e-11
GRB090429A,350853.0,184.0,48.50773,,,3.25e-11
GRB090426,350479.0,1.236,0.2532982,2.609,,3.2999999999999996e-11
GRB090424,350311.0,49.46,2.268596,0.544,,3.88e-11
GRB090423,350184.0,10.304,1.055547,8.26,,3.87e-11
GRB090422,349931.0,8.476,0.3817643,,,3.67e-11
GRB090419,349592.0,454.244,56.45959,,,9.07e-11
GRB090418B,90078001.0,38.0,1.0,,,
GRB090418A,349510.0,56.304,4.061271,1.608,,3.67e-11
GRB090417B,349450.0,266.94,35.38965,0.345,,5.5899999999999996e-11
GRB090417A,349447.0,0.06799999,0.02154065,,,
GRB090410,348929.0,165.148,7.043064,,,
GRB090407,348650.0,315.472,55.90866,1.4485,,3.3799999999999996e-11
GRB090404,348428.0,82.02,14.48431,2.87,+0.96-1.69,3.3799999999999996e-11
GRB090401B,348152.0,186.504,39.50702,,,4.58e-11
GRB090401A,348128.0,117.004,14.04289,,,
GRB090313,346386.0,83.04,19.48352,3.3736,,3.37e-11
GRB090309A,345945.0,3.0,1.414214,,,4.03e-11
GRB090308A,345777.0,25.096,5.862026,,,4.1299999999999996e-11
GRB090307A,345551.0,22.0,6.403124,,,4.1399999999999994e-11
GRB090306B,31369001.0,21.0,1.0,,,
GRB090305A,345127.0,0.54,0.1610466,,,
GRB090301A,344582.0,41.372,2.135655,,,
GRB090205,342121.0,8.812,1.779457,4.6497,,3.43e-11
GRB090201,341749.0,74.264,1.680663,2.1,,4.16e-11
GRB090129,341504.0,17.624,2.624177,,,
GRB090123,340895.0,137.344,22.98187,,,3.8e-11
GRB090118,31292054.0,13.524,1.883479,,,
GRB090113,339852.0,9.096,0.9016696,1.7493,,3.5399999999999995e-11
GRB090111,339696.0,25.26,2.655132,,,2.75e-11
GRB090107A,339295.0,12.084,0.6870691,,,
GRB090102,338895.0,28.32,2.345679,1.547,,4.0199999999999994e-11
GRB081230,338633.0,60.692,13.42613,2.03,+0.16-0.14,3.22e-11
GRB081228,338338.0,3.0,1.414214,3.44,+0.15-0.32,3.56e-11
GRB081226A,338177.0,0.436,0.07515317,,,3.23e-11
GRB081222,337914.0,33.0,4.0,2.77,,3.39e-11
GRB081221,337889.0,33.908,0.9216507,2.26,,3.43e-11
GRB081211B,90053089.0,64.0,1.6,0.216,,
GRB081211A,337115.0,3.424,0.8421781,,,3.01e-11
GRB081210,337073.0,145.908,7.028237,,,3.58e-11
GRB081203B,336489000.0,161.6,1.6,,,
GRB081203A,336489.0,223.0,89.98889,2.05,,3.35e-11
GRB081128,335895.0,102.316,10.60851,,,4.11e-11
GRB081127,335715.0,17.3,3.54517,,,3.05e-11
GRB081126,335647.0,57.648,5.846673,,,4.67e-11
GRB081121,335105.0,17.52,2.006709,2.512,,3.61e-11
GRB081118,334877.0,53.404,12.08538,2.58,,2.7999999999999997e-11
GRB081109A,334112.0,221.488,58.97129,0.9787,,3.9299999999999996e-11
GRB081105A,333811.0,9.6,1.6,,,2.6299999999999996e-11
GRB081104,333666.0,64.0,15.26434,,,2.4599999999999998e-11
GRB081102,333427.0,50.32,12.60935,,,5.34e-11
GRB081101,333320.0,0.18,0.04252059,,,
GRB081029,332931.0,275.104,48.95488,3.8479,,3.4e-11
GRB081028A,332851.0,284.424,30.54873,3.038,,3.37e-11
GRB081025,35650186.0,22.76,1.029641,,,
GRB081024A,332516.0,1.824,0.5860512,,,6.759999999999999e-11
GRB081022,332399.0,157.58,41.88247,,,
GRB081017,331964.0,,,,,
GRB081016B,331856.0,2.616,0.7927067,,,4.46e-11
GRB081012,331475.0,28.972,4.524752,,,4.7599999999999996e-11
GRB081011,331332.0,17.088,2.813817,,,3.04e-11
GRB081008,331093.0,187.824,38.22846,1.9683,,3.5399999999999995e-11
GRB081007,330856.0,9.728,4.874095,0.5295,,3.68e-11
GRB080928,326115.0,233.66,20.80139,1.6919,,3.29e-11
GRB080919,325268.0,0.6,0.08409517,,,4.3299999999999995e-11
GRB080916B,324907.0,33.544,6.96964,,,4.16e-11
GRB080916A,324895.0,61.348,6.680057,0.6887,,4.0999999999999994e-11
GRB080915B,324805.0,4.052,0.6073286,,,
GRB080915A,324744.0,26.288,3.898102,,,2.81e-11
GRB080913,324561.0,7.456,0.756677,6.733,,3.99e-11
GRB080906,323984.0,148.212,19.6103,2.13,+0.14-0.20,3.74e-11
GRB080905B,323898.0,120.936,28.05833,2.3739,,4.0499999999999996e-11
GRB080905A,323870.0,1.016,0.08158433,0.1218,+0.0003-0.0003,5.57e-11
GRB080903,323542.0,66.34,10.42087,,,5.769999999999999e-11
GRB080822B,321376.0,,,,,
GRB080810,319584.0,107.668,3.471544,3.3604,,3.21e-11
GRB080805,319036.0,106.624,15.89163,1.5042,,3.61e-11
GRB080804,319016.0,37.872,42.35502,2.2045,,3.74e-11
GRB080802,318832.0,179.504,22.80489,,,5.2099999999999993e-11
GRB080727C,318170.0,77.364,7.039364,,,8.019999999999999e-11
GRB080727B,318101.0,8.664,0.1456022,,,7.23e-11
GRB080727A,318094.0,4.912,0.9158602,,,4.98e-11
GRB080725,317888.0,92.736,49.49917,,,
GRB080723A,317662.0,17.336,2.034936,,,5.57e-11
GRB080721,317508.0,129.696,114.4703,2.5914,,3.71e-11
GRB080714,316910.0,25.812,5.116999,,,5.809999999999999e-11
GRB080710,316534.0,142.988,25.14022,0.8454,,3.4e-11
GRB080707,316204.0,30.164,2.400387,1.2322,,3.5899999999999994e-11
GRB080703,315819.0,3.516,0.805367,,,4.7e-11
GRB080702B,315630003.0,15.412,3.933512,,,
GRB080702A,315710.0,0.512,0.1810193,,,4.7999999999999996e-11
GRB080701,315615.0,17.816,6.719786,,,3.71e-11
GRB080623,315080.0,15.096,5.118078,,,4.3299999999999995e-11
GRB080613B,313954.0,79.448,9.456569,,,5.84e-11
GRB080607,313417.0,78.972,3.041697,3.0368,,3.45e-11
GRB080605,313299.0,18.056,0.8882252,1.6403,,4.2099999999999995e-11
GRB080604,313116.0,77.608,13.24724,1.4171,,4.1299999999999996e-11
GRB080603B,313087.0,59.124,1.630965,2.6892,,4.0099999999999996e-11
GRB080602,312958.0,74.288,7.143187,1.8204,,4.04e-11
GRB080524,312277.0,6.4,1.6,,,
GRB080523,312242.0,48.0,22.62742,,,3.68e-11
GRB080520,312047.0,3.324,0.8618956,1.5457,,3.6299999999999994e-11
GRB080517,311874.0,64.508,22.30139,0.089,+0.003-0.003,4.0899999999999996e-11
GRB080516,311762.0,5.764,0.2232129,3.2,+0.3-0.3,5.0099999999999994e-11
GRB080515,311658.0,20.864,5.166811,2.47,,
GRB080506,311159.0,152.2,14.17922,,,3.62e-11
GRB080503,310785.0,176.0,48.0,,,5.45e-11
GRB080430,310613.0,13.872,1.899732,0.767,,3.49e-11
GRB080426,310219.0,1.732,0.383604,,,4.6799999999999996e-11
GRB080413B,309111.0,8.0,2.0,1.1014,,3.58e-11
GRB080413A,309096.0,46.36,0.4812151,2.4330,,3.35e-11
GRB080411,309010.0,56.328,0.9227524,1.0301,,3.7e-11
GRB080409,308812.0,22.656,7.534244,,,4.67e-11
GRB080405,308549.0,64.0,1.6,,,
GRB080330,308041.0,60.364,36.39826,1.5119,,
GRB080328,307931.0,91.108,1.681661,,,4.73e-11
GRB080325,307604.0,166.74,32.59333,1.78,,3.49e-11
GRB080320,306858.0,13.816,1.858744,,,3.52e-11
GRB080319D,306793.0,26.94,4.478414,,,4.429999999999999e-11
GRB080319C,306778.0,29.552,9.414571,1.9492,,4.3799999999999994e-11
GRB080319B,306757.0,124.86,3.095269,0.9382,,3.75e-11
GRB080319A,306754.0,43.616,5.540074,,,3.2999999999999996e-11
GRB080315,306323.0,,,,,
GRB080310,305288.0,363.212,16.90135,2.42743,,3.2999999999999996e-11
GRB080307,305011.0,124.0,23.34524,,,4.07e-11
GRB080303,304549.0,67.588,19.64564,,,3.71e-11
GRB080229A,304379.0,64.0,16.0,,,4.62e-11
GRB080218B,303631.0,6.528,1.428577,,,3.84e-11
GRB080218A,303609.0,22.8,2.784184,,,
GRB080212,303105.0,126.312,13.19985,,,3.5499999999999994e-11
GRB080210,302888.0,42.264,11.36737,2.6419,,3.33e-11
GRB080207,302728.0,292.46,7.985276,2.0858,,4.19e-11
GRB080205,302506.0,106.296,4.934871,,,4.4e-11
GRB080130,74372007.0,60.8,1.6,,,
GRB080129,301981.0,50.18,9.16545,4.349,,5.29e-11
GRB080123,301578.0,114.912,55.26733,,,4.12e-11
GRB080121,301491.0,0.32,,,,
GRB071227,299787.0,142.48,48.36924,0.381,,4.2899999999999995e-11
GRB071129,297628.0,408.08,52.32409,,,
GRB071122,297114.0,71.432,13.92828,1.14,,4.0099999999999996e-11
GRB071118,296856.0,105.6,34.8854,,,5.11e-11
GRB071117,296805.0,6.076,2.14873,1.3308,,3.66e-11
GRB071112C,296504.0,44.8,1.6,0.8227,,4.269999999999999e-11
GRB071112B,296503.0,0.304,0.09050966,,,
GRB071101,295779.0,4.824,1.972515,,,
GRB071031,295670.0,180.644,30.342,2.6918,,3.6899999999999997e-11
GRB071028B,295492.0,51.2,1.6,0.94,+0.05-0.10,3.35e-11
GRB071028A,295527.0,26.856,5.425089,,,3.33e-11
GRB071025,295301.0,241.296,35.8308,5.2,,3.27e-11
GRB071021,294974.0,228.72,74.01017,2.4520,,3.64e-11
GRB071020,294835.0,4.3,0.5826972,2.1462,,4.46e-11
GRB071018,294645.0,273.568,40.0732,,,
GRB071013,294120.0,75.584,25.78914,,,
GRB071011,293924.0,65.88,15.48345,,,4.74e-11
GRB071010C,293804.0,12.8,1.6,,,
GRB071010B,293795.0,36.124,2.27575,0.947,,3.2599999999999996e-11
GRB071010A,293707.0,6.324,1.865541,0.985,,3.41e-11
GRB071008,293587.0,17.984,5.138865,,,
GRB071006,293250.0,43.2,1.6,,,
GRB071003,292934.0,148.388,4.616348,1.60435,,3.67e-11
GRB071001,292826.0,57.428,3.878786,,,
GRB070923,292004.0,0.03999999,0.00894429,,,
GRB070920B,291728.0,22.256,2.792121,,,
GRB070920A,291614.0,55.76,5.289023,,,
GRB070917,291292.0,8.72,1.72291,,,
GRB070913,290843.0,2.684,0.5635601,,,3.1099999999999995e-11
GRB070911,290624.0,161.724,5.972469,,,3.3799999999999996e-11
GRB070810B,287409.0,0.072,0.02332379,,,
GRB070810A,287364.0,9.04,2.682462,2.17,,3.12e-11
GRB070809,287344.0,1.28,0.3731809,0.2187,,4.8099999999999994e-11
GRB070808,287260.0,58.432,11.50858,,,5.0899999999999994e-11
GRB070805,287088.0,26.432,3.111378,,,
GRB070802,286809.0,15.8,2.500653,2.4541,,3.23e-11
GRB070731,286574.0,2.856,0.3890758,,,
GRB070729,286373.0,0.988,0.1669011,,,4.0899999999999996e-11
GRB070724A,285948.0,0.432,0.0863713,0.4571,,4.78e-11
GRB070721B,285654.0,336.864,22.468,3.6298,,4.41e-11
GRB070721A,285653.0,3.348,0.454845,,,2.75e-11
GRB070714B,284856.0,65.636,9.508734,0.9225,,3.61e-11
GRB070714A,284850.0,3.0,1.414214,1.58,,4.37e-11
GRB070704,283791.0,384.936,27.41501,,,6.009999999999999e-11
GRB070628,283320.0,39.08,4.071106,,,4.95e-11
GRB070621,282808.0,33.264,2.507059,,,3.2e-11
GRB070616,282445.0,406.876,17.31342,,,3.87e-11
GRB070612B,282073.0,18.0,4.472136,,,4.54e-11
GRB070612A,282066.0,365.28,51.6697,0.617,,
GRB070611,282003.0,13.184,3.470931,2.0394,,3.6299999999999994e-11
GRB070531,280958.0,44.62,6.055228,,,7.44e-11
GRB070529,280706.0,108.9,20.73183,2.4996,,4.1799999999999994e-11
GRB070521,279935.0,38.628,2.37669,2.0865,,4.8899999999999994e-11
GRB070520B,279898.0,96.0,35.77709,,,2.91e-11
GRB070520A,279817.0,48.0,22.62742,,,2.41e-11
GRB070518,279592.0,5.504,0.8041144,1.16,,3.09e-11
GRB070517,279494.0,7.824,1.634974,,,3.4599999999999996e-11
GRB070509,278903.0,7.828,1.161323,,,4.1699999999999996e-11
GRB070508,278854.0,20.9,0.7317486,0.82,,4.4199999999999993e-11
GRB070506,278693.0,5.992,1.406882,2.3090,,3.33e-11
GRB070429B,277582.0,0.488,0.04308134,0.9023,,3.36e-11
GRB070429A,277571.0,168.0,26.96757,,,2.31e-11
GRB070427,277356.0,11.08,0.9720843,,,
GRB070420,276321.0,77.024,5.466968,3.01,+0.96-0.68,4.3799999999999994e-11
GRB070419B,276212.0,238.008,14.33933,1.9588,,4.74e-11
GRB070419A,276205.0,160.0,50.59644,0.9705,,2.99e-11
GRB070412,275119.0,33.876,5.076964,,,3.48e-11
GRB070411,275087.0,115.692,16.86578,2.9538,,3.67e-11
GRB070406,274153.0,0.816,,,,
GRB070330,273180.0,6.64,0.6691487,,,3.72e-11
GRB070328,272773.0,72.116,8.483028,2.06,,3.67e-11
GRB070326,271019007.0,18.0,5.385165,,,
GRB070318,271019.0,130.368,28.8086,0.8397,,3.83e-11
GRB070306,263361.0,209.244,64.60994,1.49594,,4.16e-11
GRB070227,262347.0,3.2,1.6,,,3.6e-11
GRB070224,261880.0,48.0,35.77709,1.99,,2.43e-11
GRB070223,261664.0,128.0,32.0,,,5.059999999999999e-11
GRB070220,261299.0,125.396,20.64144,,,5.9e-11
GRB070219,261132.0,18.0,4.472136,,,3.22e-11
GRB070209,259803.0,0.06800002,0.01788854,,,
GRB070208,259714.0,64.0,22.62742,1.165,,3.3399999999999996e-11
GRB070129,258408.0,459.748,25.21205,2.3384,,3.2599999999999996e-11
GRB070126,257741.0,,,,,
GRB070125,,,,1.5477,,
GRB070110,255445.0,88.428,14.41929,2.3521,,3.12e-11
GRB070107,255029.0,370.3,45.63288,,,4.16e-11
GRB070103,254532.0,18.408,1.212694,2.6208,,3.4199999999999996e-11
GRB061222B,252593.0,37.248,6.057907,3.355,,4.5999999999999996e-11
GRB061222A,252588.0,100.0,12.16553,2.088,,4.2899999999999995e-11
GRB061218,251863.0,,,,,
GRB061217,251634.0,0.224,0.04326664,0.8270,,7.16e-11
GRB061210,243690.0,85.232,13.08802,0.4095,,4.04e-11
GRB061202,241963.0,94.188,35.34425,,,4.49e-11
GRB061201,241840.0,0.776,0.09507892,0.0865or0.111,,4.51e-11
GRB061126,240766.0,52.624,10.76037,1.1588,,4.0999999999999994e-11
GRB061121,239899.0,81.216,46.40242,1.3145,,3.7e-11
GRB061110B,238174.0,135.248,17.59198,3.4344,,3.13e-11
GRB061110A,238108.0,44.508,5.903362,0.7578,,3.49e-11
GRB061102,236430.0,45.544,9.687618,,,2.23e-11
GRB061028,235715.0,105.812,36.9372,,,5.34e-11
GRB061027,235645.0,,,,,
GRB061021,234905.0,47.82,5.632594,0.3463,,3.47e-11
GRB061019,234516.0,180.384,6.361202,,,5.49e-11
GRB061007,232683.0,75.736,2.482554,1.2622,,3.45e-11
GRB061006,232585.0,129.792,30.67741,0.4377,,4.0599999999999994e-11
GRB061004,232339.0,6.26,0.6493566,,,3.8599999999999995e-11
GRB061002,231974.0,17.628,1.96191,,,3.0299999999999995e-11
GRB060929,231702.0,552.96,26.88739,,,3.43e-11
GRB060927,231362.0,22.416,1.190914,5.4636,,3.53e-11
GRB060926,231231.0,8.824,1.14368,3.2086,,3.4199999999999996e-11
GRB060923C,230711.0,73.728,9.931606,,,3.0999999999999996e-11
GRB060923B,230702.0,8.948,1.296341,1.51,,3.92e-11
GRB060923A,230662.0,58.492,7.127251,2.47,+0.33-0.52,3.79e-11
GRB060919,230115.0,9.0,1.665062,,,6.65e-11
GRB060912A,229185.0,5.028,0.5806755,0.937,,3.7e-11
GRB060908,228581.0,19.296,1.30216,1.8836,,3.17e-11
GRB060906,228316.0,44.588,2.594496,3.6856,,3.49e-11
GRB060904B,228006.0,189.98,21.16182,0.7029,,3.53e-11
GRB060904A,227996.0,80.06,2.218417,2.55,1.21-0.75,3.23e-11
GRB060825,226382.0,7.976,0.6568044,,,5.019999999999999e-11
GRB060814,224552.0,145.072,4.819031,1.9229,,3.71e-11
GRB060813,224364.0,15.968,3.387924,,,4.519999999999999e-11
GRB060807,223217.0,54.048,11.68915,,,3.43e-11
GRB060805A,222683.0,4.928,1.353585,2.3633,,3.04e-11
GRB060804,222546.0,18.188,2.657232,,,4.4199999999999993e-11
GRB060801,222154.0,0.504,0.0609262,1.1304,,3.88e-11
GRB060729,221755.0,113.044,22.12824,0.5428,,3.4e-11
GRB060728,221627.0,,,,,
GRB060719,220020.0,66.92,11.55493,1.5320,,3.17e-11
GRB060717,219646.0,3.0,1.414214,,,2.4999999999999998e-11
GRB060714,219101.0,116.064,8.968655,2.7108,,3.22e-11
GRB060712,218582.0,30.912,6.630412,,,2.5699999999999996e-11
GRB060708,217805.0,10.028,3.672148,1.92,+0.12-0.12,3.0599999999999996e-11
GRB060707,217704.0,66.644,6.376714,3.4240,,3.1399999999999996e-11
GRB060614,214805.0,109.104,3.372837,0.1254,,3.56e-11
GRB060607B,213934.0,31.584,4.283407,,,
GRB060607A,213823.0,103.032,28.06196,3.0749,,4.2e-11
GRB060605,213630.0,79.84,6.632779,3.773,,3.2999999999999996e-11
GRB060604,213486.0,96.0,22.62742,2.1357,,3.1099999999999995e-11
GRB060602A,213180.0,74.836,12.95641,0.787,,1.8e-11
GRB060526,211957.0,298.04,22.89869,3.2213,,3.43e-11
GRB060522,211117.0,69.124,5.896616,5.11,,3.05e-11
GRB060516,210254.0,128.0,35.77709,,,
GRB060515,210084.0,52.372,5.484591,,,3.72e-11
GRB060512,209755.0,8.4,1.727745,2.1,,2.6299999999999996e-11
GRB060510B,209352.0,262.936,9.031047,4.941,,3.13e-11
GRB060510A,209351.0,20.148,1.101657,,,4.53e-11
GRB060507,208870.0,183.308,6.569049,,,3.47e-11
GRB060505,208654.0,4.0,,0.0889,,4.8099999999999994e-11
GRB060502B,208275.0,0.144,0.05059642,0.287,,
GRB060502A,208169.0,28.448,9.861223,1.5026,,3.29e-11
GRB060501,208050.0,25.628,10.37955,,,
GRB060428B,207399.0,96.0,50.59644,0.348,,3.1399999999999996e-11
GRB060428A,207364.0,39.48,3.820836,,,5.44e-11
GRB060427,207281.0,62.0,16.49242,,,3.09e-11
GRB060424,206773.0,37.68,3.473154,,,
GRB060421,206257.0,11.996,3.25771,,,7.58e-11
GRB060418,205851.0,109.08,46.72552,1.49000,,3.66e-11
GRB060413,205096.0,141.124,20.59712,,,8.699999999999998e-11
GRB060403,203755.0,30.588,4.841253,,,6.21e-11
GRB060323,202505.0,23.872,5.603393,,,3.45e-11
GRB060322,202442.0,229.472,23.49451,,,
GRB060319,202035.0,10.288,1.718829,1.172,,4.08e-11
GRB060313,201487.0,0.744,0.03417602,,,3.49e-11
GRB060312,201391.0,44.656,3.234084,,,3.67e-11
GRB060306,200638.0,60.94,3.363018,1.559,,3.8899999999999996e-11
GRB060223B,192152.0,10.36,0.7509488,,,
GRB060223A,192059.0,11.32,1.072604,4.41,,3.5899999999999994e-11
GRB060219,191512.0,62.044,6.246817,,,2.5899999999999996e-11
GRB060218,191157.0,,,0.03342,,2.3799999999999998e-11
GRB060211B,181156.0,27.732,7.753546,,,4.37e-11
GRB060211A,181126.0,126.46,9.555313,,,3.8e-11
GRB060210,180977.0,288.0,151.7893,3.9122,,3.36e-11
GRB060206,180455.0,7.552,2.192934,4.0559,,3.0199999999999997e-11
GRB060204B,180241.0,139.464,31.45746,,,3.29e-11
GRB060203,180151.0,69.524,11.63856,,,3.29e-11
GRB060202,179968.0,192.876,22.93896,0.783,,3.21e-11
GRB060124,178750.0,13.424,1.291649,2.3000,,3.5499999999999994e-11
GRB060123,,,,"1.099,0.193,0.562,or0.56",,
GRB060117,177666.0,16.852,0.1433876,4.6,+0.5-0.5,
GRB060116,177533.0,104.832,27.25683,6.60,+0.15-0.15,4.9999999999999995e-11
GRB060115,177408.0,139.092,15.21002,3.5328,,3.16e-11
GRB060111B,176918.0,58.832,4.284321,,,3.6299999999999994e-11
GRB060111A,176818.0,13.212,1.165621,2.32,,3.3399999999999996e-11
GRB060110,176702.0,21.336,2.048489,,,
GRB060109,176620.0,115.592,11.14916,,,3.5899999999999994e-11
GRB060108,176453.0,14.22,2.144425,2.03,0.67N/A,3.39e-11
GRB060105,175942.0,54.376,1.420051,,,4.07e-11
GRB060102,175603.0,19.0,5.09902,,,
GRB051227,174738.0,115.4,14.94417,,,3.57e-11
GRB051221B,173904.0,42.572,5.879697,,,6.31e-11
GRB051221A,173780.0,1.392,0.1974639,0.5464,,3.49e-11
GRB051213,172516.0,71.056,5.114457,,,
GRB051210,171931.0,1.3,0.2951948,,,4.57e-11
GRB051117B,164279.0,9.02,1.315082,0.481,,4.8899999999999994e-11
GRB051117A,164268.0,140.632,13.50078,,,3.0599999999999996e-11
GRB051114,163844.0,2.0,2.236068,,,
GRB051113,163765.0,93.296,13.61242,,,
GRB051111,163438.0,64.0,16.0,1.54948,,3.1499999999999995e-11
GRB051109B,163170.0,15.696,4.117119,0.080,,3.68e-11
GRB051109A,163136.0,37.2,6.069085,2.346,,3.6499999999999997e-11
GRB051105A,162580.0,0.05599999,0.01442221,,,
GRB051021B,160672.0,46.512,11.42952,,,6.29e-11
GRB051016B,159994.0,4.0,0.4482187,0.9364,,3.8e-11
GRB051016A,159913.0,21.0,6.082763,,,2.5699999999999996e-11
GRB051012,159413.0,12.8,1.6,,,
GRB051008,158855.0,12.408,1.355315,2.77,+0.15-0.20,4.24e-11
GRB051006,158593.0,35.408,8.934607,1.059,,4.46e-11
GRB051001,157870.0,190.26,22.85993,2.4296,,3.17e-11
GRB050925,156838.0,0.09200001,0.01442221,,,
GRB050922C,156467.0,4.552,0.4480179,2.1995,,3.04e-11
GRB050922B,156434.0,157.024,94.48681,4.5,+0.5-0.5,2.7799999999999997e-11
GRB050916,155408.0,85.184,12.7243,,,6.34e-11
GRB050915B,155284.0,43.096,4.405708,,,3.6499999999999997e-11
GRB050915A,155242.0,53.42,11.27224,2.5273,,3.08e-11
GRB050911,154630.0,16.24,0.8793179,,,
GRB050908,154112.0,18.284,3.28172,3.3467,,2.5099999999999996e-11
GRB050906,153866.0,,,,,
GRB050904,153514.0,181.576,16.30626,6.295,,3.5499999999999994e-11
GRB050827,152325.0,50.032,9.129024,,,4.58e-11
GRB050826,152113.0,29.6,6.30981,0.296,,4.23e-11
GRB050824,151905.0,25.008,5.553665,0.8278,,3.44e-11
GRB050822,151486.0,104.292,15.82051,1.434,,3.2599999999999996e-11
GRB050820B,151334.0,12.064,0.5189065,,,4.1799999999999994e-11
GRB050820A,151207.0,240.768,11.51344,2.6147,,3.43e-11
GRB050819,151131.0,37.716,7.331198,2.5043,,3.0699999999999995e-11
GRB050815,150532.0,2.992,0.614752,,,5.03e-11
GRB050814,150314.0,142.852,41.66076,5.3,+0.3-0.3,3.41e-11
GRB050813,150139.0,0.384,0.1119464,0.722,,2.69e-11
GRB050803,148833.0,88.124,10.19719,3.5,+0.5-0.5,3.7e-11
GRB050802,148646.0,27.456,8.164955,1.7102,,3.5499999999999994e-11
GRB050801,148522.0,19.568,5.937695,1.38,+0.07-0.07,3.62e-11
GRB050730,148225.0,154.6,18.61522,3.9693,,4.0999999999999994e-11
GRB050726,147788.0,46.496,14.44798,0.1646,,3.4e-11
GRB050724,147478.0,98.684,8.556632,0.257,,4.37e-11
GRB050721,146970.0,104.7,46.10946,,,4.44e-11
GRB050717,146372.0,85.016,18.89675,,,4.86e-11
GRB050716,146227.0,69.02,5.288014,,,3.53e-11
GRB050715,146129.0,187.0,21.58703,,,
GRB050714B,145994.0,49.364,11.29125,2.438,,2.2e-11
GRB050713B,145754.0,121.696,54.02341,,,4.4199999999999993e-11
GRB050713A,145675.0,124.672,62.40765,,,3.91e-11
GRB050712,145581.0,51.356,7.868384,,,3.47e-11
GRB050701,143708.0,21.696,9.943782,,,7.379999999999999e-11
GRB050607,132247.0,48.0,22.62742,,,3.4199999999999996e-11
GRB050603,131560.0,21.0,8.485281,2.821,,3.2599999999999996e-11
GRB050528,130679.0,11.248,1.728231,,,
GRB050525A,130088.0,8.836,0.0708802,0.606,,3.5399999999999995e-11
GRB050509B,118749.0,0.02400002,0.008944263,0.2249,,4.3600000000000003e-11
GRB050509A,118707.0,10.508,2.006151,,,4.0999999999999994e-11
GRB050507,118248.0,15.0,5.830952,,,
GRB050505,117504.0,58.852,6.839795,4.2748,,3.25e-11
GRB050502B,116116.0,17.724,1.900999,5.2,+0.3-0.3,3.3799999999999996e-11
GRB050422,115214.0,80.0,22.62742,,,4.9599999999999995e-11
GRB050421,115135.0,8.408,3.387106,,,6.46e-11
GRB050418,114893.0,81.76,1.371417,,,
GRB050416B,114797.0,3.392,0.6315061,,,
GRB050416A,114753.0,6.668,3.422086,0.6528,,3.6899999999999997e-11
GRB050412,114485.0,27.572,3.504715,,,4.24e-11
GRB050410,114299.0,64.0,16.0,,,3.91e-11
GRB050406,113872.0,5.776,1.393007,2.7,+0.29-0.41,2.71e-11
GRB050401,113120.0,32.092,0.5774426,2.8983,,3.8099999999999996e-11
GRB050326,112453.0,29.44,1.134711,,,3.62e-11
GRB050319,111622.0,151.584,10.64419,3.2425,,3.16e-11
GRB050318,111529.0,16.124,10.91679,1.4436,,3.28e-11
GRB050315,111063.0,95.4,13.96338,1.9500,,3.3399999999999996e-11
GRB050306,107547.0,158.524,19.84216,,,
GRB050223,106709.0,22.68,4.481386,0.584,,3.87e-11
GRB050219B,106442.0,28.72,7.120288,,,3.37e-11
GRB050219A,106415.0,23.812,2.258173,0.2115,,3.4599999999999996e-11
GRB050215B,106107.0,11.044,3.931132,2.52,,4.0899999999999996e-11
GRB050215A,106106.0,66.412,5.307209,,,
GRB050202,104298.0,0.112,0.03124101,,,
GRB050128,103906.0,28.0,9.055385,,,3.5399999999999995e-11
GRB050126,103780.0,48.0,22.62742,1.29,,2.8599999999999997e-11
GRB050124,103647.0,3.936,2.011714,,,3.4e-11
GRB050117,102861.0,166.648,2.42293,,,
GRB041228,100970.0,56.3,7.782773,,,
GRB041226,100815.0,8.296,1.876372,,,
GRB041224,100703.0,177.564,19.26028,,,
GRB041223,100585.0,109.06,1.803933,,,3.31e-11
GRB041220,100433.0,5.584,1.113352,,,
GRB041219C,100380.0,10.0,1.0,,,
GRB041219B,100368.0,9.856,18.69194,,,
GRB041219A,100307.0,,,,,
GRB041217,100116.0,5.668,0.7297123,,,
