GRB071031.qdp,0,136.434,150.429,156.52,127.84321495011385,115.51228842087122,3.2651110658900553,2.478835784007742e-09,3.24192471657912,60.652356145893506,0.5765293779205004,5.090645606693337e-08,489.32206992789486,338.47322423644533,150.84884569144953,121.1286,14.7983
GRB071031.qdp,1,164.014,164.674,168.888,163.0196581511372,4.227173828278913,1.5416309987676555,82.8871127564762,0.1513428707027114,0.8466074187257464,0.09613720170954977,23.232558390204424,155.80657721685395,14.6531147598387,141.15346245701525,119.752,14.63012
GRB071031.qdp,2,185.174,190.47,195.576,177.6164691299241,82.15599784815217,1.904492095163029,7.574729702096838e-12,0.1668862907586794,0.0,0.05044090475200412,7.26015248211771e-12,605.1353738861046,299.43895042277137,305.69642346333325,195.1756,20.57349
GRB071031.qdp,3,269.529,282.214,293.843,268.4339329496195,0.09622517362801612,11.976178253686957,115.64495859320398,0.17632110275667087,0.07729240893560153,0.5099306611439167,5.2673520609079185,1086.3096837932405,813.274154143704,273.0355296495365,173.3645,22.54015
GRB071031.qdp,4,324.587,325.683,330.063,324.58700038338725,0.7625191907809419,5.491856412982047,10.503458431915556,0.8123932934162065,1.3391208858832837,2.475815475901527,4.351021439614521,24.829236202631847,2.7195767567132823,22.109659445918567,144.7949,17.68963
GRB071031.qdp,5,339.777,344.965,350.966,331.91993112355965,89.40923588263303,2.1001003540341023,7.716647295302047e-12,0.36984500364690875,0.0,0.11124285134155029,1.4581326886274543e-11,408.1413752837618,158.04253337528013,250.0988419084817,169.9812,19.26545
GRB071031.qdp,6,489.035,508.968,516.845,484.0647483686898,149.06022487160254,3.4306688328756634,1.9521795033537226e-12,0.8086654101736719,0.0,0.24702233537801715,5.125533570880924e-12,377.4038976067398,232.75189084382384,144.65200676291596,63.55583,9.948057
GRB071025.qdp,0,99.279,104.199,111.779,91.29073937209775,88.03314220236578,2.029419985753841,8.381515210701772e-12,0.35732278103866544,0.0,0.09643082934732869,1.4476052520984203e-11,928.9422946380229,344.70399422653054,584.2383004114923,196.9632,26.32305
GRB071025.qdp,1,247.976,400.925,868.696,344.29499685014196,28.103771836056744,391.89240150613836,1.2995095731657114,156.8978414738587,183.82970354788532,413.58099606827784,1.192251151535286,305.5007656568907,23.577280734067195,281.9234849228235,18.19509,3.285826
GRB110411A.qdp,0,94.165698380445,97.0483033608769,109.614,90.10704785923902,16.359424464005567,3.3075240789940357,40.862941462220896,0.7116275822837239,4.649447418845466,0.23925414153018928,39.09763356232896,584.1154966682398,153.08499275494154,431.03050391329816,93.9280167063694,14.0678033592173
GRB110411A.qdp,1,124.564,142.494,153.578,116.86898862400596,152.06778998608655,3.4930441177391507,4.565437715390932e-12,0.0,0.0,0.0,1.4900813713562608e-15,1036.7336545580195,611.7494388248383,424.98421573318114,148.2639,18.12858
GRB110411A.qdp,2,484.079,645.43,1075.167,584.1449471396899,38.23240879829015,72.2542209038822,3.0273448540128767,38.79609032529024,105.5429159895456,35.780363804545466,1.4514884927840106,159.55888316361072,47.04102939559531,112.51785376801541,1.696236,0.3629294
GRB100807A.qdp,0,447.819,526.542,823.086,457.1073766394217,53.74064104836653,51.54085196421779,9.704973630878742,24.775833583380614,61.157409245920505,8.476658093325707,0.7424015756497728,382.4638187957096,158.07841933443154,224.38539946127807,4.739983,0.9491288
GRB130418A.qdp,0,129.557,142.092,153.708,128.54300004425122,1.5233537050219161,19.009816890679343,5.2747868954717685,1.3807368476971416,2.5472586078040016,9.406469920370773,2.6030235820173946,58.43347965866242,36.03356044396786,22.399919214694567,90.01794,13.8077
GRB130418A.qdp,1,220.05,224.947,234.382,222.634809043198,17.043921969184044,0.3244247741113257,8.110415579983427e-16,0.2828716154457609,0.0,0.06284670503260643,7.075408996337378e-15,42.66386559558752,15.916731888664154,26.747133706923364,75.11531,11.13215
GRB111129A.qdp,0,228.363,243.083,253.812,213.60722863565584,177.14777546270582,4.093393568948346,1.1853553434708936e-11,0.37185862146926923,0.0,0.1279633622633626,1.3443403735552639e-11,2403.3848924637223,1413.3765067177942,990.0083857459282,401.208,49.49552
GRB120224A.qdp,0,751.339,762.333,771.258,751.3330240157558,2.652506425267438e-05,2.029822870590833,41.59863073390232,5.104202797385666,3.663911707055085,3.1119860846831955,37.60122880830155,84.1803088552085,83.81078674261263,0.36952211259586576,433.3757,55.71442
GRB120224A.qdp,1,1215.154,1231.16,1241.89,1217.980700954044,49.0494069497621,1.484168280136192,8.900306714717712e-09,11.36532852896983,201.30832289393157,1.9367278194362711,1.3088974112847366e-06,132.47087368385684,117.62139967172307,14.849474012133767,231.0231,29.41668
GRB090807.qdp,0,73.067,85.334,96.311,73.27109146275042,80.59953106067799,2.7681835090047895,2.0167294172558338e-07,26.4081704248313,432.07511940212277,4.579122182655223,3.338076825860104e-05,189.02763310202926,33.7381725701689,155.28946053186036,96.72397,15.15456
GRB121024A.qdp,0,74.162,94.535,102.119,101.87373115339632,4.670282717910679,2.6753954137629115,47.39993470387091,7869.561745498234,15634.721556408818,633.1401936052407,298197.8335223025,1.573845797191422e-08,0.0,1.573845797191422e-08,67.56261,9.961766
GRB050607.qdp,0,99.589,108.956,117.459,95.30900683529295,95.73520218559239,2.189901236769233,9.857064253030685e-12,0.461906934965788,0.0,0.12483466391196327,2.0612674660204076e-11,1598.5855932156005,553.1848857104808,1045.4007075051197,262.4678,35.22145
GRB050607.qdp,1,151.475,172.119,206.181,161.37711773463835,27.100761119742195,11.335546017002466,49.823073956214316,8969525.14363996,338844.27525934076,54033.81406323595,1545400.23976906,613.6823951369273,51.95048929995428,561.731905836973,44.8542,6.977921
GRB110305A.qdp,0,70.0768484694875,72.5743935813263,86.322,64.44295223901787,41.91641825255831,2.3378221239979293,0.009866529790031947,2.282702349169638,31.27617898628542,0.5164592900054576,0.1297751336419914,1081.070529581829,177.81320590294416,903.257323678885,245.734103907833,31.7412324671263
GRB110305A.qdp,1,93.764,103.586,115.089,98.28635677175208,7.627951709259844,4.94984705068246,109.8459271923302,1.3216593829345404,5.550914992616548,0.9761637747171976,31.62804128704519,416.58834771206136,96.03553608778401,320.55281162427735,110.5194,13.85045
GRB070925.qdp,0,468.623,602.122,696.837,407.06745502305665,1268.2441565092997,29.158562168359392,4.714455180118994e-13,6.612464434850229,0.0,1.946274626963497,1.1463104378951284e-12,832.520839439461,385.19345069287766,447.3273887465834,12.9571,2.170675
GRB100702A.qdp,0,83.564,90.77,110.338,85.25204168325037,6.673656441019378,5.44915998946755,69.15232254098258,0.6635138440675945,2.3998322867717654,0.4797193080982942,4.930793870999728,290.79481091021285,67.27835542348653,223.51645548672633,53.40722,8.113763
GRB100702A.qdp,1,520.749,578.648,666.462,526.9409907120838,4.080034254094886,44.54026890027475,1.5864127980928266,13.353220331697484,13.002916216869894,25.892724755336634,1.1929611474186803,57.04111027347754,37.250781749947684,19.79032852352986,8.355448,1.569567
GRB060505.qdp,0,124.4,137.011,158.052,111.0491077516643,173.29393903711193,4.025794126759219,8.033331234610824e-12,0.6586759434607743,0.0,0.19496126677097037,1.4012937683524116e-11,1444.9906230405238,547.706599887917,897.2840231526068,173.7698,19.1901
GRB060505.qdp,1,163.34,170.701,180.901,160.75536730674673,33.09921078143593,2.9288091110623657,0.6812969973382882,2.881470956399317,30.207905053746156,0.822126572008476,6.394090824968716,625.311901805148,241.86471298188167,383.4471888232663,142.0996,17.23243
GRB090812.qdp,0,188.95,213.501,338.26,163.74072416643958,139.15139801326737,31.448276655011302,3.383256378519571,17.640410117389674,118.66887224456822,7.851670285919749,8.555875378077934,349.11989255965483,50.703493359413905,298.4163992002409,8.371594,1.640619
GRB081102.qdp,0,314.672,328.601,357.818,314.6720440315503,2.635778172748845e-05,28.80073382083798,2.2578060915839013,1.720753146542848,2.351003424755513,15.42292930156294,1.1780199371595592,50.48278163925572,24.928536329925485,25.55424530933023,45.55128,8.305825
GRB070110.qdp,0,159.683,222.542,297.052,135.82369313873485,531.3149710291225,12.157799222682147,4.606870445113974e-13,5.70989054764794,0.0,1.606192478902527,2.2343467890757296e-12,448.7331394505471,228.0336577297425,220.69948172080464,9.839322,1.774243
GRB071112C.qdp,0,238.442,337.424,1859.619,nan,nan,nan,nan,0.0,0.0,0.0,0.0,nan,nan,nan,18.93682,3.170819
GRB130603B.qdp,0,133.509,141.206,143.721,129.57486215201024,67.22313646178777,1.5362073719579565,7.440932315334332e-12,0.3144621128931675,0.0,0.09825504245041163,1.7500581100604844e-11,805.18601827865,572.2643314228161,232.92168685583388,188.9484,20.61884
GRB130603B.qdp,1,167.528,183.897,207.576,145.84810768279127,237.50391204060966,5.415706968793628,1.0309037489616894e-11,0.6972261036663765,0.0,0.18496135174058634,1.2848278916390385e-11,4857.699866645531,2380.111903807935,2477.587962837596,300.9925,38.6644
GRB060115.qdp,0,104.143,106.473,111.495,100.87249527143123,26.839174968945468,1.2441979016505988,0.00034614016221944024,0.5171455731333992,7.437484516486414,0.10820177136357362,0.002119946849188235,341.83269848101173,118.10898013172508,223.72371834928666,145.8905,17.56318
GRB060115.qdp,1,191.856,199.068,210.016,179.10621988800585,132.06388995763487,3.0655879666558152,8.561413474427817e-12,0.3879477725111746,0.0,0.1128482252786056,1.1374486120117495e-11,1098.3557712522506,444.82350282959777,653.5322684226528,152.205,18.06344
GRB060115.qdp,2,323.211,372.651,419.994,342.5904744230324,77.31005559601465,14.316073363258909,19.8108957458618,4.066399183560437,30.106838948098137,1.626434592298603,30.329495452168565,1630.1065179394616,440.2581424050338,1189.8483755344278,64.47107,9.610791
GRB070306.qdp,0,235.017,252.652,276.062,249.4616776090182,19.19885232570266,0.4208300944874341,2.2663037103354174e-13,0.5646747828900253,0.0,0.1292218876021187,2.6851459222582333e-12,39.882435999702714,22.48502712198643,17.397408877716284,42.01187,6.268198
GRB070306.qdp,1,469.769,498.94,555.291,469.42603395340103,2.5967493895446454,65.01024925148087,0.7630579200475489,38.766529384917725,28.32693299331672,68.11385084357148,1.225952293088615,31.602956827099273,13.574163937247395,18.02879288985188,24.66615,3.761324
GRB101017A.qdp,0,92.555,103.663,121.947,79.05552022419769,159.21750661016324,3.591059836777214,8.725914306724823e-13,1.8708591626768083,0.0,0.5356001695485262,4.8525877180180535e-12,420.7476006967262,186.16357040980267,234.5840302869235,104.1078,12.89159
GRB091111.qdp,0,71.953769179057,72.6096682151616,77.8464015863269,71.03660943803585,0.16882124899367096,3.164684842583591,323.3376207427466,nan,nan,nan,nan,633.3544362278388,131.46377395616594,501.8906622716729,642.787627829861,79.7997129827649
GRB091111.qdp,1,92.792,117.129,131.94,75.31025407860662,249.87100487844688,5.674996049493055,6.401235423114926e-11,0.7456949203309526,0.0,0.21754828931724784,9.055533527425157e-11,34712.21330027327,21212.495981712324,13499.717318560948,2387.51,254.0851
GRB120802A.qdp,0,441.356,508.857,638.614,435.1857839438498,122.65422634117282,48.73565957237347,8.807907593780254,32.921091218900706,155.89004259815658,17.32225258601674,13.23693483002284,501.6083971167246,147.67846430367985,353.92993281304473,7.673469,1.71584
GRB090107A.qdp,0,99.323,100.97,107.281,97.88937009274525,3.6061842954827013,2.3989270642590754,250.6537259275181,0.2608544829883067,0.986828016598134,0.16184762108926154,25.443831568767486,461.3743171957906,137.85926446243903,323.5150527333515,176.5029,20.08431
GRB090107A.qdp,1,247.807,280.278,308.853,248.2696552629005,75.99100712020247,10.048031247669767,1.3641043842167806,6.34256852752971,55.65820622643614,2.274010417207251,6.2337969690872175,316.0250493173637,160.83650954220886,155.18853977515488,43.37296,6.645913
GRB090107A.qdp,2,446.393,462.801,467.642,445.60307137354965,0.7607091338834934,526.2645616940642,20.82289758100906,0.45705732568869073,0.3460627100460743,307.4991913976646,0.901219614765179,387.73617876874584,294.19819402051826,93.53798474822761,48.25136,7.552985
GRB051117B.qdp,0,267.635,277.041,284.168,268.89149915837845,2.531562762041598e-05,5.269379771896896,19.89024261150748,0.15511234041676997,0.2222560731019739,0.7680445894196343,3.6391643943296286,99.05748595633935,82.50770490735846,16.549781048980883,65.40866,10.10382
GRB051117B.qdp,1,335.094,345.926,354.052,342.20433108447435,24.732487124573595,0.47493597826852485,4.2999983973260156e-16,0.19554102042347823,0.0,0.0,7.314623955618021e-17,22.222419383453325,11.61020223894746,10.612217144505864,50.2582,7.777411
GRB051117B.qdp,2,810.318,820.512,842.048,818.5200741752799,2.734316481267156e-05,2.3781168444446985,20.17853596710651,3.2561645950421787,3.3761410548632678,1.6932135136411888,43.28344346606718,47.95171968649556,27.18793866345103,20.76378102304453,29.2049,4.616677
GRB080430.qdp,0,89.494,92.974,114.115,88.30225260815413,7.0681147833725335,4.056391737214992,77.30987489752336,1.4036643056368163,5.455504396184623,0.6691679704611637,32.2131763658464,291.28017464037987,61.536395918908966,229.74377872147087,42.67017,6.29605
GRB050822.qdp,0,388.286,401.043,440.549,385.12256269286064,37.39241729673619,19.548515352945145,29.8849918020828,5553263.84832639,95526.36003670564,48561.18206368411,121132.0109458907,444.7187578408352,39.9573064686592,404.76145137217605,40.95488,6.105226
GRB050822.qdp,1,1141.236,1258.274,1634.27,1208.8351909512307,1.1191983366210343e-05,94.75272359083301,2.2768405960780074,6633287.231766413,4824130.048159276,15.180570185454316,159392.86355655032,213.3662953777364,87.75350164933576,125.61279372840065,3.850356,0.8295791
GRB070517.qdp,0,209.609,311.079,322.328,199.09886522754107,138.45809492866275,2.976108149864257,3.4496492426777965e-13,8.116616068180805,0.0,0.0,7.206388571898451e-13,927.8734219524075,927.8734219502154,2.1921526771725578e-09,63.96033,11.83247
GRB070517.qdp,1,331.19,345.379,399.975,319.63494367710393,65.25530853213772,10.858838832470614,5.99011163875403,4.785805841533087,34.486039394283665,1.4854193637048794,14.080300700835684,572.2359382388713,173.25571553884737,398.98022270002394,26.92841,4.95242
GRB050406.qdp,0,156.562,211.113,430.315,nan,nan,nan,nan,0.0,0.0,0.0,0.0,nan,nan,nan,6.758997,1.234021
GRB060512.qdp,0,197.447,202.52,208.163,198.59883629608177,2.0526043908470277e-05,2.279191882294736,56.257620978781304,1.396300270049124,1.438728522900875,1.9063214922246572,91.29644120821058,126.2576473484476,105.23683435354636,21.02081299490125,391.6399,49.63858
GRB060512.qdp,1,226.689,228.627,233.795,229.78210145671554,17.772157321921185,0.4358560841932056,1.4569021469710822e-11,0.6342248214880382,0.0,0.20498015216882745,5.694767663805339e-12,36.284851747047824,0.0,36.284851747047824,259.0637,34.82314
GRB060502A.qdp,0,241.142,249.591,256.063,232.40275513701323,109.77970748147288,2.503771370462229,2.2955703971246542e-11,0.23706228928924944,0.0,0.09188331276682507,3.0944991991635974e-11,4458.509364333607,2320.0621511761674,2138.4472131574394,518.4195,63.68253
GRB080613A.qdp,0,274.174,296.662,329.19,268.84613654684637,131.88932069415097,8.188855173610968,0.01889026050212709,5.8031153346325075,71.4207790120881,1.3434216428265229,0.15992499435373586,1712.4254097108565,379.59326562918307,1332.8321440816733,86.76646,12.93459
GRB111109A.qdp,0,599.461,853.482,1968.88,599.4507215641146,386.7333720171304,473.68276392917574,0.3615920810098939,587.2393043306549,1966.3024596130986,716.3298108973935,0.6866140736976003,109.38422289233255,9.748091640539593,99.63613125179295,1.222463,0.2613922
GRB091104.qdp,0,356.385,378.474,383.364,347.27864225652235,117.64813241275759,5.24421662991627,0.0006849541588049433,2.467213416309536,41.9992197527032,0.797648235764457,0.006112527230525586,4918.472492881682,3998.672409407157,919.8000834745255,404.3231,77.08223
GRB091104.qdp,1,383.364,409.701,416.76,365.6786686132433,236.29498677102094,5.358718215274435,4.816501277841579e-11,0.654412180392809,0.0,0.20565279756817065,6.846474171574809e-11,25003.303820244884,20304.686311866015,4698.61750837887,1409.966,149.0184
GRB070103.qdp,0,214.671,270.285,409.556,228.20760461040288,93.72537815841105,35.039526925908476,24.748006097849792,11.886869416857827,63.35511509325751,6.432976355778799,22.046662186409268,1151.710760841244,161.8076228609079,989.9031379803362,37.94975,5.837493
GRB081105.qdp,0,89.309,101.01,109.285,97.2256558844437,27.781770723863346,0.5277681459115702,8.94774748495859e-16,0.0,0.0,0.0,9.217271190178256e-18,83.81216979362668,31.892600221978725,51.919569571647955,77.62677,11.57201
GRB081105.qdp,1,153.453,169.332,177.957,145.02160260903622,152.30222482567476,3.505825836387229,1.5363545028160663e-12,1.4259983945220123,0.0,0.41674667660473796,6.6583677812399645e-12,296.8114897939043,162.7776866249749,134.03380316892938,41.57209,6.315672
GRB060714.qdp,0,119.669,134.034,154.119,119.95286283394846,17.08997238949966,8.940619017608595,292.8325210324672,2641.227774873768,12.47723791893237,17.573158224546773,957.6374658773414,2353.01740306128,960.7773714438689,1392.2400316174112,343.4023,44.71772
GRB080810.qdp,0,575.182,599.578,626.758,574.1999499434348,9.38456219727374,20.548194021315062,9.277552902451644,5.303500278721379,12.64495064358331,5.715980265672471,3.035887263227961,119.87709836349384,70.85439857002979,49.02269979346406,14.43778,2.152449
GRB080804.qdp,0,105.064,139.684,158.291,114.76587054491583,157.17677742579406,3.4529634217340472,7.706274779830232e-13,0.47445989046667936,0.0,0.13456745895883507,1.1505923105547371e-12,1000.9208857840015,502.2118751700356,498.7090106139658,97.79502,14.4191
GRB080804.qdp,1,199.494,218.039,237.431,209.5721460223073,53.49921339879271,1.18829403725,2.33526848669541e-13,0.6226592114743255,0.0,0.174417319734651,1.3002477849082745e-12,69.43233891624564,33.4209068682323,36.01143204801335,30.90169,4.606556
GRB080804.qdp,2,356.883,380.457,446.802,324.1661890269635,348.32786514104464,11.124636719194664,1.370982952564915e-08,21.31351649056988,364.8234061110381,3.6217867262615435,4.816741119891393e-07,351.6829246985631,92.78688901202082,258.8960356865423,15.53836,2.363828
GRB060728.qdp,0,145.087,154.58,163.87,134.19591440322822,127.34265688091263,2.9600011229785554,1.6267505234324412e-11,0.369192186309807,0.0,0.15955495806344874,3.177825582673852e-11,1948.1104139700728,990.8976478807846,957.2127660892884,458.5106,74.73876
GRB050826.qdp,0,312.517,399.389,516.116,390.71280053395606,0.0009476404087009785,62.107066555734036,10.290893776265278,203382405.80218044,264.7927245733411,33412.42995192209,3465876.517152009,554.1055200454936,83.16292419598827,470.94259584950527,8.520848,1.70417
GRB080408.qdp,0,1108.919,1132.184,1141.362,1127.0851735969554,35.89873627056166,0.7304827598060909,6.860941872563631e-15,0.4806426855187467,0.0,0.12320335142313446,4.8376318555274627e-14,43.30029290488811,16.884334435543533,26.415958469344574,38.95023,5.810681
GRB080408.qdp,1,1294.667,1310.31,1324.275,1305.6037561933158,29.879463003862842,0.6740076986229456,3.6775091453028603e-13,0.7668957196541323,0.0,0.21558734562848297,4.391944576584169e-12,34.339562770735355,15.874095474509506,18.465467296225853,33.57485,5.104735
GRB101020A.qdp,0,95.3828468307271,114.171,129.286,95.17961647417836,2.346221363340465,8.4406353934944,67.11789930785994,1.2195360564142592,2.8574265434783137,2.6357791813306224,31.89162260292082,420.88617177464965,361.3594177107334,59.52675406391624,249.0743,35.46312
GRB101020A.qdp,1,164.527,166.649,175.389,165.62416446844824,1.1028449824893,0.04615140605159964,42.17884163472293,814774.2583208522,2157916.4294495205,760479.2377722776,0.0,10723186.298915641,10723182.532404125,3.766511516006634,253.5228,34.63857
GRB101020A.qdp,2,230.154,232.173,239.118,219.09735236098862,96.27598588359399,2.3600352410259973,1.378441418318489e-11,0.717082940574051,0.0,0.218196066595148,4.335039091445198e-11,153.3314880688124,29.63025093135832,123.70123713745409,115.2006,14.30664
GRB130803A.qdp,0,189.731,204.332,207.859,189.09429593127146,3.3513706396919125,290.47796544867276,136.77779555762513,1.9784085271639142,2.767475115100212,485.16621281186366,30.069478692299242,1501.4869956172852,1123.820098897195,377.6668967200902,335.5209,43.92344
GRB120229A.qdp,0,107.29,130.881,144.982,103.98402532316719,158.77589880481676,3.6164509339327235,8.403667202027294e-13,1.2323498895996603,0.0,0.34000193628905073,2.9141457565572784e-12,279.97507240129005,164.02494332105127,115.9501290802388,37.3398,5.7338
GRB090126A.qdp,0,194.274,269.599,281.843,225.18941813618923,220.69725568444582,4.933955762450941,3.4212665829263515e-13,9.086056345628341,0.0,2.021591550501134,5.294006558723674e-12,315.95931635186884,262.3443487444621,53.614967607406754,41.22208,7.577142
GRB050603.qdp,0,224.202,260.273,288.043,242.66528011269224,106.6568714178325,3.5589671696332594,5.144243709517778e-08,24.75008518217575,407.4645819469639,4.075325783073164,6.232229904384708e-06,142.20843682558453,37.50283699747845,104.70559982810609,20.00439,2.982081
GRB050603.qdp,1,851.482,962.65,1208.027,922.9798930975402,0.0006289250147132074,203.6458983310971,1.2413513767570805,20.228640163795593,9.087158106373819,37.77825501048501,0.35564575006420057,190.40580824586766,44.71135956809688,145.6944486777708,1.655188,0.3712918
GRB090429B.qdp,0,80.5586766637508,96.163,98.937,86.89847124299139,51.63230417048796,1.1716917349830747,3.735535510996809e-12,0.7785162284817317,0.0,0.2139037153911319,2.5261197021718995e-11,440.86473486699407,312.3221074522322,128.54262741476185,350.6501,58.83061
GRB090817.qdp,0,771.983,1196.187,1758.678,895.2688902075237,518.2952483782542,11.426804938846463,2.544977256485559e-14,25.12638488287329,0.0,7.658233393304075,6.532199742995098e-13,97.02511757452073,97.02510746891622,1.0105604514807607e-05,3.338598,0.7546569
GRB120803B.qdp,0,90.792,106.867,116.388,76.93484406430778,180.16261567462917,4.050986964092305,8.978111578428453e-13,0.7031802770463794,0.0,0.20329634509471511,1.6855654048240794e-12,494.8212702610751,307.63434761951714,187.18692264155794,55.42306,8.262609
GRB111201A.qdp,0,88.151,91.985,97.886,84.51304904255402,44.422707608344574,1.5431186886579646,4.2713538344278703e-07,4.617982732551198,75.99883713788678,0.8257060740201635,2.2357228538235414e-05,175.65805509200655,50.59505547191707,125.06299962008947,88.36367,13.77325
GRB101201A.qdp,0,541.617,564.12,585.268,553.9117189549486,2.5049824346341896,10.751518615185567,5.9841307747245045,2.8077021335606673,4.477170711275453,4.405273113691869,3.2131790660129966,45.9487392343161,22.822950900238677,23.125788334077424,34.90239,5.205027
GRB101201A.qdp,1,1035.923,1047.23,1059.845,1028.7357801794076,40.293383978289526,5.431633075914121,2.5026856824391377,1.9895023256750533,17.338043705365145,0.7297259808150223,6.569006753115856,275.2134281190257,162.03511170816157,113.17831641086417,58.29897,8.694394
GRB101201A.qdp,2,1302.243,1304.261,1343.129,1304.2619716109818,1.245002307654819e-05,8.02096295115846,6.851125799087164,1.0340130043424558,0.8254723498828016,3.112992571805638,2.664075971784245,54.47428206133556,0.0,54.47428206133556,39.39597,5.874998
GRB101201A.qdp,3,1618.453,1633.385,1697.791,1618.0160466960767,2.124140336373126,116.72925144946672,3.7983695922722185,9.730152454792794,7.2372198191950075,116.33557902359416,2.0507107744801063,194.64423217090763,36.24165183531589,158.40258033559172,27.86917,4.156114
GRB120419A.qdp,0,91.3412349146199,93.5892277530135,111.148,92.04473046923025,7.079373247212973,0.20403264913698663,4.390634074051704e-09,485.2491085128508,10199.815616244297,66.82051162438681,0.0002253855258055581,35.61333567400439,25.685309406515604,9.928026267488786,67.5140069723422,10.3750933116833
GRB111123A.qdp,0,75.527,141.356,148.456,121.11277853284733,22.027984727421046,7.094440527233468,212.4715649091654,7606.596270870218,47.19709043710629,26.975954376403294,59734.67296780838,2192.1364975222045,1719.2931486716639,472.8433488505405,144.5857,17.66399
GRB090418B.qdp,0,229.173,320.229,502.646,215.22334071737848,158.56165194644757,55.08445447905247,4.602302030523779,19.320738244747552,87.01932009867129,6.212746364985812,3.62903609291151,370.3123503755989,148.54360500397996,221.76874537161893,3.468855,0.777554
GRB080727B.qdp,0,130.188,137.739,166.432,112.33137876425404,199.6090631091048,4.75758057386841,4.4820147248668725e-12,2.3925973807827545,0.0,0.6462681859773238,2.1339030989256756e-11,370.98060832632825,59.67534911532395,311.3052592110043,65.95396,9.831852
GRB090814A.qdp,0,59.6205045020238,60.8293545981078,72.352,60.83009654365121,5.736941301115325e-06,5.310870500398008,9.445834669524594,0.20839807922388778,0.3248193870922165,1.4977275905961704,2.303076961676959,44.4216290465469,0.0,44.4216290465469,118.208206131669,14.3348720957598
GRB100728B.qdp,0,237.532,248.227,264.334,221.67245115116089,206.69669316131683,4.7771307082303425,1.2268319370969256e-11,1.081177790230582,0.0,0.3830582062759842,3.582586882307459e-11,2621.95576745566,604.9904796865833,2016.965287769077,182.6053,20.39088
GRB091010.qdp,0,274.456,309.657,327.646,281.6253272321032,184.8959852730911,4.23879896831784,9.407195792743314e-13,1.0932718041441747,0.0,0.3306361606851222,2.6850508837610647e-12,283.45409698643294,118.84324067102185,164.6108563154111,56.61411,9.354061
GRB091010.qdp,1,459.936,462.482,468.725,459.11871014994966,9.351172750757293,1.9812021232815547,21.541647072027427,1.1420363346914066,8.193903914598527,0.5460649894706062,62.45833492260173,158.81570172779217,28.32131123181844,130.49439049597373,180.126,22.8711
GRB091010.qdp,2,494.969,499.377,521.437,494.00180042653346,0.6528270024949748,14.534344308123993,82.10711177249239,0.20409305128939104,0.2748129080870166,1.128565074936313,6.988250566991462,872.0141942043222,236.5409759552719,635.4732182490502,160.5136,22.74718
GRB110708A.qdp,0,378.08,521.729,1071.593,418.13886006782764,216.17934617161896,63.24684761681053,5.033383981273079,128.56090172046683,667.1618598217337,45.968780781720355,30.108118428394935,634.6087152582635,146.73937577922183,487.8693394790416,4.287775,0.8974111
GRB090926B.qdp,0,129.177,132.119,170.305,134.30761823512557,27.85357943183926,2.6194550348330607,0.037940847760987946,54.18608213268142,545.34391043284,15.06410227920982,7.0515212975466985,20.484605674270174,0.0,20.484605674270174,27.46263,4.098055
GRB061122.qdp,0,187.639,212.087,218.906,187.54432927668256,2.8456770619936245e-06,22.5570514893875,6.901133858132648,0.5743765802466925,0.21511196562361015,3.6209696027211993,0.9350221351565682,116.25649131451353,102.57523428239566,13.681257032117871,52.61876,7.843951
GRB061122.qdp,1,284.414,304.549,325.44,256.5509053004339,323.31593686519886,7.465339583307813,1.4302942193140442e-11,0.5397540188222549,0.0,0.19892298004976777,1.3871038258735379e-11,5102.643276736897,2173.2527684930546,2929.3905082438428,296.7076,38.24748
GRB061122.qdp,2,417.052,427.515,445.417,418.5051733061514,15.940725486289425,9.549339090169283,70.49462587394282,3.4261946485900636,15.45056590078523,2.766038768328434,33.41060345312167,479.5775706164118,82.15491381641675,397.422656799995,124.7414,15.23964
GRB061122.qdp,3,571.933,577.954,601.987,556.9654756908388,130.42332233943924,4.969913328150959,3.804032550797368e-06,5.404224795537224,85.71339339876464,1.0331327392240426,6.909920638842937e-05,640.9832812940275,107.88811313813376,533.0951681558937,70.01906,10.65686
GRB120202A.qdp,0,179.155,186.296,190.498,184.6662332866578,4.156921372934109e-06,1.5297123962858499,57.577979387666005,0.3456105773320982,0.4109958466102342,0.6515285078357642,28.307942091832327,86.0807206984952,57.67642069163599,28.404300006859213,168.901,19.9032
GRB111103B.qdp,0,171.593,211.155,237.493,165.47399202124004,277.2899150373755,6.428643200123738,1.4021162856188937e-12,1.4036050938922848,0.0,0.39278190934537816,3.0955941647473355e-12,429.29220354278976,227.45920075828153,201.83300278450824,25.01735,4.075273
GRB060904A.qdp,0,490.44,508.148,514.581,480.0802271786808,165.0353209600019,3.8769565071354783,2.177665907623962e-12,1.2835197677089925,0.0,0.402710791929386,8.071139662771306e-12,209.38257422109388,140.87577453485815,68.50679968623571,90.7767,13.53223
GRB121014A.qdp,0,69.9591131297291,85.334,97.985,55.93522416727791,168.4753318153007,3.767317537610795,9.90975388982268e-13,8.086640659157537,165.45660271826236,1.0460183130503926,4.74031363414311e-11,680.4033490543006,441.16000648308614,239.24334257121447,66.00821,9.839931
GRB121014A.qdp,1,575.05,680.155,1693.418,638.1408109939791,146.5368228014601,947.4241949980495,1.9304255635993313,22.929793470309875,144.87328724224923,1031.1905414853225,3.3036871562528516,841.2243651999858,0.5367313799205126,840.6876338200652,142.4301,17.40064
GRB090418A.qdp,0,158.454,176.358,196.321,137.08359769027862,255.3194769012479,5.946685219192822,9.500694680020903e-13,1.434337929276539,0.0,0.40190252630095774,2.3102398318796817e-12,211.86118267044213,94.45327122048772,117.40791144995441,18.27943,2.724941
GRB090418A.qdp,1,625.797,842.819,1017.342,587.9210296065647,1993.9648548008906,47.50527329112486,5.353305118812863e-13,671.8550134677522,0.0,284.9511273127927,2.8604767041658985e-12,389.95146553879704,79.53736637933902,310.41409915945803,6.404574,1.399148
GRB090814B.qdp,0,164.046,177.926,202.304,158.54582620182418,184.50758045009053,4.2997621097218826,4.464052915991936e-12,1.5769066027861989,0.0,0.46313320555352966,1.7282878011185625e-11,721.1798291862559,39.5807572360374,681.5990719502186,109.1161,13.33077
GRB090814B.qdp,1,216.289,222.091,238.683,221.74511214193538,1.3470514883062321e-05,10.908042211595598,41.05570199237559,65981851.716612756,0.19500828772268178,125406.3074855059,479055.1309596992,353.0763815982798,14.00589468888132,339.0704869093985,72.66423,10.83217
GRB100513A.qdp,0,399.453,442.787,457.782,382.6615129503763,329.30121944611057,7.575999128829754,6.521742865838906e-13,2.9636275757158956,0.0,0.882032749855505,2.7699230828944883e-12,291.6176026317209,215.48718119585024,76.13042143587067,24.3755,3.723024
GRB081024A.qdp,0,472.619,492.135,498.363,459.6005288145641,175.26086331252927,4.1245170051480375,1.5351521771385771e-12,0.8141149442070807,0.0,0.24383500366076777,3.2298697559224845e-12,156.30140623151175,120.98288020400031,35.31852602751145,56.78651,8.485237
GRB081024A.qdp,1,685.926,690.401,727.422,685.7982408357211,0.6402067533080188,9.437194492920057,12.982006439184984,5.861098480410286,2.0337646475932822,1.2881970244924132,8.807894405863427,105.74649964626931,31.72627577166151,74.02022387460781,29.88023,4.465582
GRB081024A.qdp,2,1393.743,1400.246,1407.868,1389.5019091695203,22.916842335517266,2.613415999175938,0.7938332256188633,1.2230834270960433,11.323023441635073,0.38627283865506884,2.937610070770375,108.38438200478097,73.44041433800828,34.94396766677269,53.12919,7.939009
GRB111210A.qdp,0,425.947,563.551,810.79,487.4976203355211,72.69296937117572,71.5350483791262,13.41596843316181,199544.40205787032,453.8792012164435,751.1279789941998,4128.857822047542,708.060020462665,208.8879570565471,499.1720634061179,7.216938,1.618041
GRB130131A.qdp,0,79.0524057268183,84.1688238187885,109.694,79.03939704286041,12.826264181426023,8.831515797274562,125.9922978394687,180.70501743006048,12.667192042837403,9.842470721823721,74.53688970053523,841.5716333202462,33.982431462038825,807.5892018582074,98.661011028325,15.921262646651
GRB130131A.qdp,1,374.192,575.309,619.873,525.4937658844998,351.2465329334467,7.980880953062347,3.940571477060392e-13,387.92855905315986,7380.745746227493,47.1596737162387,3.954017444795111e-10,321.61078579183817,102.89614052332186,218.7146452685163,11.97438,1.873111
GRB100704A.qdp,0,124.335,150.622,221.348,148.26725977106886,2.3121629076916683,43.94145297885526,4.668072870289267,1.7421707430387818,1.990978661626097,6.449060324741603,0.6445541310166958,143.06867266643837,1.698788000824171,141.3698846656142,29.59939,4.418446
GRB100704A.qdp,1,588.628,595.502,605.829,590.616844246892,1.9247100091537144,3.2340881476073893,79.49489509556092,0.26500261684017506,0.7811902465270658,0.3443734168615744,7.365456058107336,183.84570822123266,108.46428372628559,75.38142449494705,146.8498,18.17696
GRB100704A.qdp,2,635.517,649.58,659.42,635.5303089559432,93.45678925073935,2.1428594752088235,1.0891794254129073e-11,0.25497617033790027,0.0,0.07399197489187798,1.1364245497214283e-12,1668.3733555062418,670.6121058613154,997.7612496449262,491.9031,58.02292
GRB100704A.qdp,3,815.923,825.502,834.883,801.633250314453,147.1541040195695,3.3932044255801923,6.314239076375386e-12,0.3631596230116885,0.0,0.10636321763643704,7.201179638249587e-12,1116.11933624996,600.2891468977568,515.8301893522032,181.4059,20.29221
GRB100704A.qdp,4,843.534,849.443,855.639,836.1159180057363,84.40496268195729,1.9128791953394715,9.943996029868923e-12,0.11972259071388397,0.0,0.040797173097312685,7.838539674186846e-12,1978.1815474814123,995.4016568967105,982.7798905847018,313.0483,39.9988
GRB100704A.qdp,5,1267.163,1299.983,1335.757,1247.6141566863873,259.8739957036219,11.553480445709475,4.300651310961098e-05,12.128356363511207,181.1424850926366,2.6394921772368334,0.0007016792555762195,782.3799345429077,286.7090224365008,495.6709121064069,41.84902,6.240115
GRB050717.qdp,0,210.128,231.615,272.008,192.13220141975845,255.73733870570612,5.937149002179192,1.3892504208335343e-12,9.428440435358151,189.42134942308866,1.4002027651838367,6.039613134220594e-11,387.15420769838113,160.40810135997165,226.7461063384095,36.99019,5.519406
GRB050717.qdp,1,610.402,692.306,715.187,665.5512437691136,15.260664297351655,12.277977995157006,31.513071362674513,3.294515171166588,13.094065525543925,2.971665460361171,5.250480230010495,292.29632447668973,210.40354416733265,81.89278030935711,27.33702,4.161276
GRB070809.qdp,0,200.46,208.741,253.883,184.11711258580587,209.76266212513198,4.938886877071433,6.1821052863092354e-12,1.4099897614180477,0.0,0.44158701407499035,2.095909771257627e-12,858.8556153008221,88.90502946866187,769.9505858321603,83.20919,16.61151
GRB101114A.qdp,0,520.825,591.294,682.216,530.2687956118231,207.2148808191255,30.90315275305952,6.940762620785948,11.472219767377819,95.46988545245691,4.463122444099429,17.110820883167975,2600.5594199790476,437.9932192360791,2162.5662007429682,249.5972,18.00204
GRB101114A.qdp,1,1245.501,1284.266,1311.21,1216.9010142113498,417.07835189322753,9.64541948470055,2.7220742792594793e-12,0.792583726786993,0.0,0.23292350856181473,2.3851849375799705e-12,1265.4216557852305,686.8338047844247,578.5878510008059,202.1984,14.47182
GRB101114A.qdp,2,1551.719,1573.699,1645.695,1546.5890001405985,0.47011688324277273,7.473089832291754,43.255988706676234,395.0764006592181,63.271235678681755,10.034600720062102,2383.2477651638665,165.20353783578608,156.18290425759733,9.020633578188745,161.1401,11.7754
GRB111211A.qdp,0,597.142,609.194,641.164,587.5571028593814,131.4665078046678,3.0293166423570055,1.5021801682265757e-12,0.9308365659932214,0.0,0.2753597877004349,4.9731030136472026e-12,283.6530122481727,144.5151131507812,139.13789909739145,65.04392,9.696192
GRB111211A.qdp,1,667.628,673.358,686.757,661.1981866676392,74.40719382019083,1.712823219905533,4.192626799057552e-12,0.2598656824453647,0.0,0.07615037895736204,6.791226814403633e-12,459.72716743492964,228.50192457971488,231.22524285521476,125.8958,15.38066
GRB111211A.qdp,2,724.637,737.723,745.839,714.3362445446829,137.61346588929212,3.1350092274601566,1.0143664838668588e-11,0.26468125648811835,0.0,0.09276560817614539,1.1039742345990326e-11,2722.3851680250727,1712.374422193193,1010.0107458318801,347.3144,44.4297
GRB111211A.qdp,3,849.738,869.748,878.853,845.3388447717978,154.3362975274543,3.6716945022137275,2.8197198302622067e-12,3.2597806315972653,0.0,0.9706720344489561,2.620778260804494e-11,168.86274396484066,86.4063720641808,82.45637190065986,82.95753,12.63795
GRB071109.qdp,0,906.307,913.028,917.573,909.720370278613,1.0175399091493897,2.5881492008133207,54.98447727728664,0.22258429522200263,0.46996861831299447,0.3044200547275825,7.577603393936423,96.50540603665274,57.36953994144639,39.13586609520636,145.882,17.82463
GRB071109.qdp,1,1161.651,1169.158,1172.506,1165.8644558604008,1.0370886717043197,2.561163728775157,31.41390260834701,0.760276947121277,1.559475955041458,0.6685793043781187,11.29896371763591,51.610908467901425,32.34289537135977,19.268013096541655,103.2209,12.61204
GRB071109.qdp,2,1319.044,1325.863,1330.223,1316.1666513746368,41.52886394194074,0.9779260409250953,1.3360841959370588e-12,0.7261092705129742,0.0,0.2187349544551505,1.0627975485954978e-11,36.69124819060894,33.06111068132226,3.630137509286678,92.33971,14.02966
GRB071109.qdp,3,1535.181,1537.12,1544.24,1537.1201372407581,9.059885022556711e-08,0.5636616499690842,27.254688193383096,11561823.564822307,178627.47859405374,3.926671390005083,559049557.5143747,15.32738898086126,0.0,15.32738898086126,74.60127,11.12182
GRB071109.qdp,4,1717.71,1725.921,1734.008,476851639.0599061,50090.67669375849,573091.4415312109,4808.2279283526395,2170271166.4603715,484678.6415492821,1027741.3626454716,20265.517077284487,0.0,0.0,0.0,57.01266,8.499665
GRB050716.qdp,0,199.401,279.097,327.141,201.24410160046898,290.22883148783325,14.85420410715429,0.00015224868619478443,18.117963735190617,251.78198126504142,4.157373537465528,0.0026242763131610705,370.05028917847096,222.78916687947333,147.26112229899763,14.09451,2.101089
GRB130604A.qdp,0,101.856,110.012,156.775,76.02697464146361,270.6740726752104,6.4498134071617965,1.15576779633101e-11,13.344872690812512,259.4414095219011,1.8689161732463082,8.937753717102711e-10,1323.60783224006,180.92440874639257,1142.6834234936673,96.66131,13.21018
GRB130604A.qdp,1,802.474,944.582,1412.284,745.1558658989378,49.222797935373606,0.42816643790887987,0.11615068249313155,0.0,0.0,2.6385196887577644e+105,0.0,1.305469353547744e-10,1.305469353547744e-10,1.742243027316959e-154,1.518392,0.3322032
GRB110318A.qdp,0,93.091,122.524,148.791,93.99419086333222,84.29735195172341,5.965035166385008,0.02892646363826832,803899.88522202,19737.43903790553,15319.224616721414,5.682829964570797,456.95908195783375,289.2800005181654,167.67908143966835,30.8611,4.719523
GRB090530.qdp,0,53.343965676365,79.093,90.916,73.0983957208339,46.07659515914956,1.0071786178280155,1.5344668087816208e-12,0.3119457050437011,0.0,0.07497610573707308,2.6298976430156385e-12,720.2845957442589,164.88624751771107,555.3983482265478,252.6611,31.98199
GRB090530.qdp,1,92.004,98.881,111.441,92.44464436038386,10.21808385627404,6.867374581474168,327.3623903197334,0.7049473142978763,3.4457410807805764,0.8112072690835164,39.09505135735457,1520.4299308875225,294.4897558026891,1225.9401750848333,272.4844,37.11473
GRB090530.qdp,2,112.957,122.295,128.516,102.42103897516726,113.06104914779554,2.606149143010018,1.5353945942928054e-11,0.3131393851696764,0.0,0.08919239807242768,1.9123403270559635e-11,2169.0852130864387,1444.17558271782,724.909630368619,415.8464,51.01217
GRB090530.qdp,3,186.724,196.952,215.218,204.10034158996743,54.74163096934673,1.248590902419168,1.4430168872131366e-12,0.6682323467533554,0.0,0.1979260355429713,8.443117680764582e-12,130.64647890510233,0.0,130.64647890510233,89.14912,13.28962
GRB090530.qdp,4,247.136,249.405,254.967,245.80238085729573,13.805767183990213,1.6289219389159915,4.492653143712061,0.8162765689482037,7.45566866697724,0.2701310748878405,17.471305596422933,298.5802116275396,46.74720149279725,251.83301013474235,116.518,14.23503
GRB090530.qdp,5,341.786,351.774,360.152,338.2925144652985,48.825270605253415,3.3090184236318896,0.03209497542181553,5.228434909465871,61.395223733652905,1.2825219923217717,0.5715677274802816,402.8676858191731,194.18867082948853,208.6790149896846,58.60167,8.735857
GRB090530.qdp,6,401.628,416.127,469.388,416.8863614064156,2.0643879248279594e-07,17.576482020377455,11.965499455706329,4058665.3017366943,565925.2302624077,4.098876654677352,2763008.3666389002,199.78307538290576,0.0,199.78307538290576,20.10953,3.0753
GRB090530.qdp,7,604.85,666.707,1146.791,647.9121848108407,7.746194434757632e-05,39.93102672358468,18.532563817860552,6.543798771503269,6.099442986827957,9.986508647541282,4.973602694423386,739.8246930670617,277.62531760515026,462.1993754619115,12.1237,2.22272
GRB090518.qdp,0,158.418,183.449,209.68,173.26273966936697,69.1599312245478,1.4042854072373452,4.566508383142569e-15,3.882011596200005,0.0,0.8394152600752606,2.243485490369371e-13,60.67633349718133,27.004943550520018,33.671389946661314,19.26357,3.286071
GRB090915.qdp,0,77.6892590795944,97.788,128.262,60.94068158421441,86.90352047756741,11.982965658354935,10.94554730213707,3.3725694394556704,29.16629734369242,1.2234648416674503,21.705716152906202,2345.770793868715,1148.3267337882714,1197.4440600804435,107.1504,13.09054
GRB090915.qdp,1,159.006,170.417,187.641,145.94726651545113,122.39402303575778,4.71336337491607,6.506156372698127e-05,3.153506427700075,52.55018161328751,0.7044675345005171,0.0007807640983720636,8325.842408724417,3535.440639273153,4790.401769451264,982.3001,119.7287
GRB060210.qdp,0,242.365,266.316,470.188,230.16722568286866,0.00010772203087327655,61.81309744330547,2.9991184858957953,449.8865328015462,0.00022331764054257257,66.67625521261714,3.4801075556030923,148.36857608171766,48.88656559572191,99.48201048599576,4.222347,0.9492768
GRB090301A.qdp,0,122.964,130.154,136.161,113.97329726082631,100.46668763895717,2.341947268176739,5.783100606149508e-12,0.33433709730228744,0.0,0.10221761355009568,9.078825779153729e-12,468.6681573698264,252.31831773662108,216.34983963320533,167.3778,19.31777
GRB100924A.qdp,0,94.46,119.961,144.477,86.76968227650937,192.8785143480413,5.780235594782653,6.26213838921486e-08,5.389007530270657,101.40086719592625,1.0362753939184755,1.2086984755987187e-06,4490.781563002294,1794.4338723443072,2696.347690657987,259.933,46.63331
GRB100924A.qdp,1,203.123,208.614,241.016,195.12937438656297,129.76514812266907,3.1389105807779956,4.6803852942464295e-12,3.1573406365368775,0.0,0.9593018675081412,4.940161260623266e-11,158.51886707756518,6.457397362037259,152.06146971552792,78.44858,14.71217
GRB100924A.qdp,2,266.198,274.606,296.716,286.34437095167544,0.6281289507996421,6.993717747455181,19.220324972467218,1.1649223490969194,3.0915864856259874,4.833249529199849,18.07175630760148,82.94488075016372,0.0,82.94488075016372,55.08985,9.952764
GRB100924A.qdp,3,331.264,349.252,381.082,334.6079079379384,113.60453547345402,2.6483052077124904,9.678949911196837e-13,10.127436101905342,0.0,3.058797888100044,4.021689596657373e-11,104.33279884390818,19.459421078699236,84.87337776520894,40.72772,7.493677
GRB100725A.qdp,0,58.0295893365324,76.884,86.976,43.11829040839339,178.19293940142666,3.9149288669997557,7.541178262034325e-13,0.43588004653915713,0.0,0.13314725681803244,9.736815719855594e-13,1061.600104184643,826.6017997989534,234.99830438568952,134.498,16.43201
GRB100725A.qdp,1,205.167,224.78,238.805,200.83315314391973,35.587634041319504,0.7089861056542749,1.351468694626549e-15,0.5190285315358393,0.0,0.0,3.924773613783647e-16,16.296491527831492,16.296491524775895,3.055597775409063e-09,31.40982,4.682329
GRB080520.qdp,0,146.753,172.883,198.893,143.45813207855335,155.30834580176744,7.238435156132371,9.117136694694798e-05,12.948602960452614,186.46105458945462,2.74804884889852,0.002408156209873735,461.2107852153562,120.93510343782141,340.2756817775348,57.84502,8.981997
GRB080520.qdp,1,449.116,596.227,691.012,483.25534203248503,587.1661219073617,22.029652324473265,2.2381047233901457e-07,71.16286619617604,1127.1988243415847,13.25915230783581,1.2058831578836855e-05,241.98670057283894,94.28828886065054,147.6984117121884,8.120841,1.482657
GRB080520.qdp,2,839.013,969.664,1001.992,874.1376129096311,13.814334846053564,48.82360865284349,5.803111600929209,25.598573372256382,61.88560651111534,34.99981340389486,5.655979005131439,191.10753125669714,168.43077828123543,22.6767529754617,4.635434,0.8725384
GRB120521C.qdp,0,142.155,155.238,163.618,137.52397538947213,19.90808167880362,5.745707212555906,219.34630419948934,55.53628122281551,9.661318488882895,3.501051097721561,259.9375103177122,2311.972746645709,1768.1141536236375,543.8585930220711,459.5817,84.53498
GRB120521C.qdp,1,164.599,175.783,179.472,156.4471222480782,102.0946835380829,2.3332880708009345,3.68751559087956e-11,0.19038014331018446,0.0,0.05875926515372573,3.4104257464910135e-11,6434.233230822746,5160.093578588041,1274.1396522347052,1368.256,141.3789
GRB120521C.qdp,2,247.04,255.404,258.183,240.95706007989688,81.2938247671138,1.878901038922551,1.5156417080378296e-11,0.22757971772780197,0.0,0.0778133643597758,2.2776368109769583e-11,1314.8429972130916,979.6643236207981,335.1786735922935,545.0245,110.3224
GRB121202A.qdp,0,187.893,194.07,206.389,178.31962599238065,117.06135715346862,2.768205514389023,2.4615508009273635e-11,0.5372859053116781,0.0,0.15600235694028808,2.8363463479381236e-11,1499.3029852548875,361.7416512218017,1137.5613340330858,573.7585,66.79481
GRB121202A.qdp,1,218.895,220.427,251.97,199.49941730245766,187.23545059010166,4.574990639947631,7.482880840432628e-11,0.6620760125514539,0.0,0.17801372260757412,9.919398602041178e-11,2422.5629651912004,77.03205157379993,2345.5309136174005,390.1657,48.40184
GRB121202A.qdp,2,303.717,315.953,321.763,295.12555545787217,128.60879158263504,2.97589529199628,9.86559569809884e-12,0.4572840612430838,0.0,0.1548374785543176,1.8652743507835658e-11,1265.0653110610633,757.947304227105,507.11800683395836,217.1233,28.32278
GRB121202A.qdp,3,357.048,367.743,373.012,343.7433367946711,133.4592978776441,3.0598835890124945,5.487337777129431e-12,0.5655089234494579,0.0,0.16694636718540387,1.0967075312629908e-11,1046.2330171502895,765.0188939973457,281.2141231529439,149.6965,18.51741
GRB120312A.qdp,0,79.7280462020729,113.91,121.937,77.68287021945052,192.84786472672178,4.426194943060608,1.7635010581000455e-11,1.2277781807738397,0.0,0.30037331201235773,4.369091250961559e-11,5060.357409503694,3940.1163091790904,1120.2411003246036,646.4455,78.81083
GRB060510A.qdp,0,91.274,98.551,111.089,92.12413403951594,6.195659071227621,5.382189366134201,216.53775724380765,0.4578600718701128,1.6454409455692447,0.36472866235877793,8.449868324865562,831.1830477887806,293.8578284719947,537.3252193167859,133.726,16.8489
GRB060510A.qdp,1,238.117,263.532,275.844,212.54195233470125,286.66657438598133,6.5280246389379935,3.988583596844585e-12,0.9970878008203604,0.0,0.29331130992472987,6.6056063429170476e-12,2168.704367585482,1559.3219623896007,609.3824051958812,110.9793,13.8436
GRB091024.qdp,0,140.811,146.023,151.476,137.5211324063122,52.67261013754576,1.209519389821214,1.700747043995728e-11,0.18436687167865254,0.0,0.05144653926782357,2.6417804935713465e-11,1408.1721233043952,706.7886454837258,701.3834778206694,425.6163,56.21126
GRB091024.qdp,1,164.365,174.68,194.035,157.29499456046534,117.92465604815055,2.7186889282539077,9.441496597484671e-12,0.3499629239373432,0.0,0.10031154960928387,1.2656432262311196e-11,1559.7264719983918,553.5166376047202,1006.2098343936717,296.6385,50.23664
GRB090313.qdp,0,294.52,302.573,313.507,282.9132747111845,134.78812820346099,3.1365136416882846,8.22619213615004e-12,0.5829244702031368,0.0,0.17676384090000294,1.6695118595766478e-11,981.1141330794869,362.22757308928556,618.8865599902014,154.8011,18.74876
GRB121217A.qdp,0,51.567,60.98,76.05,40.900146937772625,130.73906029905214,2.9602575835344367,4.337267988322346e-11,0.12850893919103593,0.0,0.036902146253556076,1.987996322674148e-11,14903.159725769736,6441.009739951497,8462.14998581824,1296.497,206.1226
GRB121217A.qdp,1,187.759,217.28,237.741,165.4530406021249,328.69846074263364,7.463514292948961,1.3094789462299194e-11,0.4451941771402862,0.0,0.16505367952380742,1.0695708641360789e-11,9191.807917904473,4840.246499593782,4351.56141831069,376.42,48.26626
GRB081222.qdp,0,576.012,611.074,639.54,592.4911359490395,21.50169805884447,6.602454327335253,3.1106980832542686,12.428286770443616,70.38795488863934,6.049924455799572,18.786567500376297,37.40284824674583,24.45934893429599,12.943499312449843,28.39353,4.232663
GRB120514A.qdp,0,150.01,163.038,168.089,138.36981760642573,129.98444475028526,3.037717839971125,6.260259241343872e-12,0.8530619003159868,0.0,0.26205310458922065,7.645943289585492e-13,617.9001469004795,484.73542643183106,133.16472046864845,171.0964,24.16432
GRB120514A.qdp,1,251.279,263.264,270.18,237.73507915605703,141.86771445375499,3.263284501167727,5.347358171171085e-12,0.5643638961302825,0.0,0.16746498815826774,1.0016712510912222e-11,1010.9919851615139,715.3405908426982,295.65139431881556,148.2547,19.9582
GRB120514A.qdp,2,286.778,295.726,301.85,286.61372929726986,57.378246507837886,1.3062016911136838,2.0915205685301756e-12,0.4202242608153373,0.0,0.11200159600751591,6.5872060203332904e-12,259.204164569333,125.25257156168333,133.95159300764965,98.57206,15.6965
GRB120514A.qdp,3,307.03,317.434,324.531,305.3332935074611,65.27692263462279,1.497223602183749,1.9634392637427936e-12,0.5424938708271344,0.0,0.14315092357199247,6.8598285307604186e-12,214.8641672042969,148.44828470136545,66.41588250293145,87.70698,13.81626
GRB120514A.qdp,4,385.864,395.019,401.232,374.21311197942805,122.39806387816368,2.8454686966279437,3.658829951997813e-12,0.9095433172274041,0.0,0.2593880216589622,1.202162315646163e-11,393.6453108398638,247.38653816838126,146.25877267148252,77.9594,12.32569
GRB120328A.qdp,0,96.9398456498187,102.463516848627,144.552,100.74392629684439,0.20988032832224734,12.067214098883973,21.5676372742656,6.207997910062513,1.6405762356209999,3.6625614886362623,17.83743835437244,239.66702191246904,23.775161472361322,215.8918604401077,75.2098910256694,11.3007399102342
GRB060427.qdp,0,174.229,201.811,356.535,160.37758833574588,100.96168560160243,29.403242606061028,20.068035797917847,916.8874194869866,442.4840662405036,73.83496267497414,449.3366131717998,1171.1932528493353,176.88825268329262,994.3050001660428,15.4242,2.773134
GRB090515.qdp,0,88.067,106.521,124.598,84.9305754624704,118.38144901724515,4.754757046674296,9.572753893335755e-06,23.371187674943126,357.60016552178433,4.452770013891374,0.0007492888093353682,513.1285914663499,152.06661530701066,361.0619761593392,55.32827,8.247861
GRB121201A.qdp,0,60.9821647165414,79.856,109.965,76.92063406912506,1.0736131611969162e-05,16.92273506779211,170.96675337338897,2.561492710955176,0.5718922095026945,2.213131907435339,48.42923000274719,2483.2416157700077,461.29093913000474,2021.950676640003,187.2976,24.12402
GRB121201A.qdp,1,195.029,218.101,252.161,176.3174073059822,301.56372392175047,7.900993857209645,1.0079248621517333e-10,15.07749705870111,285.9260800435245,2.387836791738552,4.0105154674891845e-09,528.9224463402799,118.65958704537134,410.2628592949085,27.94303,4.165523
GRB130806A.qdp,0,761.715,803.116,812.803,769.3338422920298,188.01072581310154,4.310961562054263,2.355426264467993e-12,0.8027368440739227,0.0,0.1783747322140875,3.3405167149028395e-13,686.7458139323992,486.8999267549638,199.84588717743543,51.99172,7.750479
GRB130806A.qdp,1,1036.178,1102.64,1139.892,1030.02943217429,464.7314573536086,10.657997882879245,1.6613369872604306e-12,2.2404695782692334,0.0,0.6455976083813567,3.676744394091345e-12,1207.037512761554,577.0202424916449,630.0172702699089,54.10508,8.242496
GRB090621B.qdp,0,123.710021744893,134.501,142.412,110.96490630245974,136.07378146782824,3.104890700489236,2.2862147794937e-12,0.6740291639161566,0.0,0.15771451400813755,5.005303013433409e-14,563.925501303758,363.43043766357175,200.49506364018623,67.91701,10.65772
GRB090621B.qdp,1,216.168,256.817,263.069,231.73527316574803,135.3791140486587,3.0661848513071863,2.184361469590009e-12,1.5288748734078612,0.0,0.34662734057205624,9.197335634889253e-12,722.9869985197687,549.694742198538,173.29225632123067,77.38322,11.53599
GRB090621B.qdp,2,296.638,314.42,328.23,291.3689489670995,153.50559902530404,3.5392319732445747,1.5025397886382896e-12,1.6742252378524327,0.0,0.5004462563151493,4.2500002897446054e-13,299.76532460615647,122.62319898103394,177.14212562512253,43.24168,6.446298
GRB070420.qdp,0,181.254,197.11,205.639,189.39983964564735,62.97410266508143,1.4385030845589146,1.8016457882178414e-12,0.47160623683482233,0.0,0.13802390949897558,6.357128777185913e-12,214.0914126050219,33.11002706258572,180.9813855424362,175.4061,20.13589
GRB070420.qdp,1,243.98,257.356,267.007,254.48396282900188,0.05082619677206945,7.725220722104883,25.465912506389593,2.1941795190660662,0.4463100065634729,1.682573967827172,12.095329450432784,152.61760500820407,56.08949755312334,96.52810745508071,185.5418,20.77996
GRB070420.qdp,2,421.383,423.552,427.277,422.70401518788543,1.901718270233818,0.32368057573091397,23.093540382183424,0.35811954329433177,3.3445335878644666,0.16972378253589882,182.98469488206285,61.84372602574567,24.55141684087619,37.29230918486948,201.5017,21.78474
GRB070420.qdp,3,431.166,435.442,447.402,444.49480459741704,14.279733655457969,0.3164976044567375,1.0974296660006404e-12,0.16313989439289456,0.0,0.0491980761149109,6.480412878296146e-12,76.85779798574023,0.0,76.85779798574023,160.2276,19.51941
GRB070420.qdp,4,450.589,453.53,462.202,454.8697084191078,34.686073533024306,0.8060822712869602,5.282292336837612e-12,0.19227459855012813,0.0,0.05605501320359511,1.3274429508946232e-11,160.0021956987396,0.0,160.0021956987396,168.2427,19.6791
GRB070420.qdp,5,468.296,487.692,503.587,461.68685166528394,166.78955622141592,3.8333471683427804,6.36535398472709e-12,0.5398299642068929,0.0,0.18767777490021126,1.1366022477408859e-11,1584.868178495616,726.1323426263905,858.7358358692254,253.0299,35.68713
GRB070420.qdp,6,506.44,520.972,527.734,498.8419179293986,114.01971113319198,2.6165287221404276,4.7482744058914045e-12,0.47284415581922484,0.0,0.11709252870590177,7.750577058744166e-12,857.3299022458407,667.4241852457776,189.90571700006308,253.8338,36.07006
GRB070420.qdp,7,539.802,552.072,557.482,535.8923854388471,92.3887764720856,2.135980054668026,6.177849753383429e-12,0.4830052369479683,0.0,0.13966398157792434,1.4650220227095687e-11,659.6340484695473,434.9476187834574,224.6864296860899,205.4685,21.80668
GRB070420.qdp,8,690.357,696.051,708.754,666.5193047921449,210.3780434893352,5.263769019850434,7.223432179044416e-12,4.5889467569799605,0.0,1.3959659664185269,6.36732387290603e-11,83.31361917660718,21.86728061715599,61.44633855945118,58.49205,8.753392
GRB130719A.qdp,0,282.835,438.846,715.768,325.5054597217166,320.7851023796959,35.07158570037336,0.06419945900308649,117.6089468411153,1100.2554731174812,30.929327564436395,1.6906651161993649,162.69119431047318,66.77612857685034,95.91506573362284,1.999052,0.4176286
GRB080506.qdp,0,77.217,119.598,138.772,90.03074349425555,188.68238526373344,4.20352760544478,1.0027466785023615e-12,1.315755978103525,0.0,0.3809055248086381,3.431574638613426e-12,904.532527804396,436.2848408342169,468.2476869701791,109.3277,14.22538
GRB050915A.qdp,0,186.392,193.118,245.691,2826234.2605097927,19409.96782716905,120174.37739274807,1.2272199797271896e-10,26159746.473271385,95953.72421664638,122402.95552152931,1.4691859085252758e-08,0.0,0.0,0.0,18.2153,2.860953
GRB090709A.qdp,0,430.692,437.138,481.091,430.69181178000485,3.481372171608986e-05,11.707373934960998,1.2034283764617972,4.029137592918591,8.605672919545697,34.693625268759305,3.2807175950388268,13.897963417423426,5.964503257665628,7.933460159757797,46.78407,6.984969
GRB090709A.qdp,1,502.47,510.492,549.224,502.4728970607062,2.6170339331241188e-05,22.859143699200818,2.122361097237109,2.462837940479111,3.4679994349124668,24.528524490927744,1.8149569667178371,42.241319881466865,14.356431461980264,27.8848884194866,41.51476,6.198832
GRB120922A.qdp,0,171.439,174.949,196.433,161.3848594166441,51.609873947658926,7.293770440123796,3.6277189085741632,1522246.472217358,18199.85135485652,5044.83722494515,1043.0931977901766,386.5561192996221,37.58741908985568,348.9687002097664,61.27127,9.315358
GRB081221.qdp,0,98.449,117.307,146.423,61.42870360846242,369.4063875018142,8.62906545829415,2.280019740024562e-12,4.652671328009448,0.0,1.2252382479415032,1.1615896076002093e-11,637.1875909410442,255.80821666624246,381.37937427480176,26.53094,5.698558
GRB091026.qdp,0,105.924,135.778,175.772,114.24417158661042,51.07436927759023,12.732106609196748,7.854106495528025,10.963234960597786,70.08863070846903,4.81244891158083,27.46992738638692,252.49683470373617,56.123232385077806,196.37360231865836,15.08029,2.902262
GRB051028.qdp,0,427.038,434.827,450.132,410.05749344940625,169.0997278643501,3.9779646434834097,5.800713790053634e-12,0.3476011445030649,0.0,0.10279268115953558,5.3338809596700076e-12,589.815444634979,199.6951671440189,390.1202774909602,113.8388,13.90778
GRB051028.qdp,1,1091.995,1096.825,1102.043,1084.2772304290447,75.85673188051179,1.7755193603407025,3.3112254864860963e-12,0.20192606183677,0.0,0.05840953396792508,3.897885805039398e-12,178.37686746367547,96.35175796683173,82.02510949684373,79.48333,11.84877
GRB080315.qdp,0,147.519,156.685,169.893,161.3205011621914,3.944093956327637e-06,5.134435536544573,15.67867948686161,5580364304.11116,44.05196165866232,137819.4240187319,47488432.601106234,65.32174871633273,0.0,65.32174871633273,46.99016,7.004889
GRB060204B.qdp,0,88.977,96.136,104.98,86.92701650189834,69.3176708918167,1.5769542056916106,1.6718965716176506e-12,0.43094746508685394,0.0,0.11941803151956872,4.678015548972501e-12,254.93436738132823,61.14280698487683,193.79156039645142,68.9413,10.27882
GRB060204B.qdp,1,104.98,109.944,118.085,101.48532819573346,60.1390242679809,1.3854297752776943,5.097147442709677e-12,0.3451677211744214,0.0,0.09700263547281095,1.2996080350837709e-11,433.439140416717,129.40604199238624,304.0330984243308,123.5066,15.09249
GRB130518A.qdp,0,150.381,159.759,165.39,143.4344960661714,96.36485933854331,2.249333895115098,1.1128338376005974e-11,0.6100681095796935,0.0,0.18601559266876255,3.302491143531578e-11,858.8019303804423,525.6971702546793,333.10476012576294,335.6342,43.91703
GRB080507.qdp,0,99.581,102.329,105.901,95.19784966902937,48.23957646868426,1.1139244612690362,1.6126877619040073e-11,0.18196729860029634,0.0,0.05324075497560214,2.7983704055011145e-11,885.9699931244556,352.3447201509957,533.6252729734599,301.2602,43.27032
GRB080507.qdp,1,176.632,206.527,222.273,183.59606601263886,174.16325658581584,3.9797421701720626,2.1532868129095713e-12,2.368184837979541,0.0,0.7031497460191798,1.3970752076272204e-11,639.1436689389255,159.38948362007488,479.75418531885066,75.95298,13.35795
GRB130502B.qdp,0,88.923054745737,111.357,136.998,77.66277284435536,263.13069771223456,6.022500456030014,1.3121206370186867e-11,1.111269066224764,0.0,0.30159386071069355,2.4087116430860978e-11,5613.805313463779,1194.7856266700833,4419.019686793697,413.7542,78.8857
GRB060424.qdp,0,127.613,131.405,139.616,610015.4964461924,168408.72974232712,173916.5216458287,1.5816575174997964e-09,4842120.427195154,218264.08419044406,204855.71936677056,4.938031180626962e-09,0.0,0.0,0.0,150.7455,18.83331
GRB060424.qdp,1,279.216,288.031,294.3,274.01915510680595,94.58192317362558,2.2007505721314344,5.916049188300685e-12,0.492325510230722,0.0,0.14964235468790044,1.4498088531765947e-11,474.68662702024034,199.99599944245534,274.690627577785,184.4431,20.41708
GRB120918A.qdp,0,316.137,777.462,939.491,383.80357263072034,6.450174813186534,447.8501701633542,2.282015054807407,707.2418594910711,6.011887252822256,142.428570779053,3.055291493852338,677.6139897153106,548.7280549600335,128.88593475527705,4.792767,0.9833979
GRB090927.qdp,0,85.08,88.67,106.789,92.23619983569215,63.02778467991541,1.4777217488892982,1.519208324749374e-11,0.5610595673253413,0.0,0.14876407313876602,5.4772403120397094e-11,661.6710509688044,0.0,661.6710509688044,316.8219,43.63808
GRB090927.qdp,1,145.332,154.895,167.204,133.71663145781457,151.71674410809908,3.525205032206948,2.9067235324039898e-11,0.589509874288602,0.0,0.18281693356843032,5.4340682075068886e-11,4044.9641369653446,1289.077087185069,2755.8870497802754,633.1762,79.8966
GRB090927.qdp,2,198.383,213.761,225.624,192.47326494505094,140.5037294611487,3.181545027589501,2.4528826555856378e-11,0.3253951969589106,0.0,0.1022151922817845,2.918620491348068e-11,8602.623858667472,3773.0329012138627,4829.590957453609,972.5371,112.4845
GRB090927.qdp,3,262.606,272.492,276.152,258.3134527558367,81.92875849105219,1.8596378197796255,1.0345470498838777e-11,0.2798433661774343,0.0,0.09806280499473183,2.015765589846852e-11,1818.1476544187217,1253.543933390434,564.6037210282877,361.8904,46.81868
GRB100316D.qdp,0,269.067,273.231,317.086,261.92371691004195,32.245455646056584,6.923236418282859,97.37591965656063,1.6625487098533756,11.218494478665313,0.6672712578522006,107.20256774146726,2603.8578055554103,335.77648643833925,2268.081319117071,418.758,53.50301
GRB100316D.qdp,1,354.872,359.729,369.835,353.0866099791782,12.024785723114773,2.97744959227853,21.507876335442663,1.5482497343430472,10.062354637360436,0.7423862026898225,46.86437355709826,171.1229419361457,70.69914432473678,100.42379761140892,123.8942,15.52658
GRB111204A.qdp,0,86.699,97.332,110.617,75.53315998088594,137.20617120621705,3.076250659375066,7.402395014021483e-13,0.6726045263469731,0.0,0.18635719565088876,1.6812705570565636e-12,378.9180916184675,188.62141079916643,190.29668081930106,63.02271,9.39999
GRB050911.qdp,0,615.428,806.321,935.525,607.5258823314421,1294.2379258629946,29.999792378818388,6.624151767365656e-12,9.677426483857493,0.0,2.86465568683755,2.2766125809010154e-11,9437.160170105943,4040.6318011220164,5396.528368983926,94.6014,14.96805
GRB090401B.qdp,0,188.559,193.356,237.408,191.51834981318345,17.514038424428417,0.329692407589671,2.3874412288740906e-16,0.27654475405232104,0.0,0.0,1.2171993183774148e-16,21.221125341310007,2.078472805841079,19.14265253546893,28.99282,4.322001
GRB101213A.qdp,0,149.366,155.861,168.436,153.12435760431708,5.919684780089787e-06,8.685035857059006,29.096467210573216,0.7892480195919943,0.9430622552771399,6.0661926430401145,19.532253147699773,209.37075012760346,68.31504566372116,141.0557044638823,527.771,66.2394
GRB101213A.qdp,1,181.818,182.469,187.509,181.24361332859593,8.180781424240369,0.15391320017080176,1.5887089240130987e-15,0.0,0.0,0.0,8.50909352554993e-18,67.50289102141056,35.866428040224484,31.636462981186085,255.3311,34.36845
GRB120722A.qdp,0,268.311,269.818,305.272,267.39368166367694,1.0572240779255908,13.547923764150962,58.721864969765,0.7991766686162323,0.9108081716242066,1.512721783076832,10.02913401085714,630.9517861564997,43.318878524432066,587.6329076320676,78.84965,11.75425
GRB100615A.qdp,0,179.104,226.828,480.158,155.82197169599687,146.86801015982707,46.85068946826121,14.264494158206524,1284564.4877257398,36905.90469416148,13516.690332258413,141112.80270436552,1141.8436984637383,240.8932427303456,900.9504557333926,12.21899,2.068683
GRB090929B.qdp,0,115.081,122.513,126.312,107.02825771476377,87.90936792871626,2.0301466179577794,1.9657647572920687e-11,0.1724804263754589,0.0,0.05146560537110935,1.810498827958585e-11,1937.4856553878153,1354.8106483085473,582.675007079268,573.0451,67.12799
GRB090929B.qdp,1,216.619,220.226,230.926,215.23941035132628,4.995712089407792,5.257936530398241,218.39704518502236,0.4968621827589054,1.7190758795318741,0.4953132717634052,7.449722685331187,745.1735229727881,207.1276174592994,538.0459055134887,258.1329,29.55088
GRB090929B.qdp,2,380.778,388.017,407.059,381.18960412605605,16.755520589173194,4.837018483131165,220.6421171141288,0.6023022760507339,3.5487824771928325,0.28438668231707387,94.79794726303818,2086.8189783880466,322.9843354778845,1763.834642910162,279.3871,31.02072
GRB090929B.qdp,3,444.698,462.692,479.246,447.11523683705104,89.93866253815446,2.100015307923378,1.6474859525479027e-12,2.1641784208553094,0.0,0.6361163556230882,1.791664067788396e-11,132.53056904188293,76.15480007726832,56.37576896461462,85.61469,12.76377
GRB090929B.qdp,4,542.893,559.801,577.687,520.9188711857887,262.96545478750954,6.0484628434579815,1.2445608815400044e-11,0.7076919440763235,0.0,0.22093295508984326,1.6586380609452867e-11,4231.588140382965,1765.3171256572216,2466.2710147257435,248.2547,29.68079
GRB090929B.qdp,5,585.266,586.539,598.092,582.9209578674668,6.4395388720902735,4.44160143025485,355.7930240829892,0.4409527919605,1.7486964831759892,0.31718826954355656,31.80720592300231,1153.2067575289939,112.0419079016825,1041.1648496273115,225.8806,27.73756
GRB090929B.qdp,6,672.594,702.252,710.959,655.7698787306484,248.03924415908781,5.792013535131383,3.308453901564243e-12,1.9104680525557043,0.0,0.5620026351068788,1.1519794456609954e-11,634.9245844010732,500.08935341977485,134.8352309812983,99.25854,14.48092
GRB090929B.qdp,7,734.751,748.206,756.709,719.4001159810626,142.38761276742446,3.2882812223059994,2.003119468652167e-12,0.8932254058238837,0.0,0.2497206686590967,5.526965822496997e-12,339.82861937756195,272.60923558534665,67.2193837922153,88.76054,13.24009
GRB090117.qdp,0,58.478,78.476,86.357,51.79479902948543,136.8323923611552,3.087893338133653,1.0015401069223239e-11,0.2839090940776978,0.0,0.06938842806833277,8.365738162804581e-12,4016.1559423155427,3188.9585750303627,827.19736728518,425.4179,69.5666
GRB090117.qdp,1,151.089,158.273,165.206,153.6301250256716,7.62849576140728,2.3684958858156597,107.60864593961593,0.34425172451499103,2.0718113989959117,0.19579265199917759,53.68825036430588,431.67167314132297,170.5324526706912,261.13922047063176,216.5152,23.68489
GRB090117.qdp,2,174.072,181.521,190.483,166.66490163845032,58.797412402117,3.001695969400192,0.0015660531023441524,1.8977290348213456,26.478540432795317,0.44040302446594165,0.014082913588242967,764.309441787036,408.0315270028399,356.2779147841961,198.6334,22.73922
GRB090117.qdp,3,239.972,254.455,263.067,231.25706862002951,143.20273582548663,3.266821461219327,1.3430703947768535e-11,0.3238018693962714,0.0,0.13337381427535858,2.0150287823306005e-11,3486.640198210081,1968.1888987096486,1518.4512995004325,444.5903,89.6494
GRB090117.qdp,4,408.596,435.685,484.983,430.46064433993905,5.3623984382059655e-05,7.3800823595677185,9.017724657380432,29.168687029937676,24.431647313757015,13.193503235490683,52.58608824106874,66.49408195505833,33.74669642320243,32.747385531855905,12.76267,1.930937
GRB110212A.qdp,0,109.851,123.896,132.804,105.89168822252587,93.36377321979089,2.9994226160240283,1.0109850999428975e-07,7.273246352546247,126.36785547164031,1.3234773376426405,4.609584023734727e-06,559.8134944259147,296.7743334168125,263.03916100910214,150.1197,19.40856
GRB080319A.qdp,0,113.058,122.504,168.416,109.73952759317166,38.79830512363114,9.498757509069588,422.7467520702723,1.7742514649818502,11.170281398951236,0.6550943289470635,309.20168824651273,11195.35697118841,1066.790126733968,10128.566844454443,658.6968,89.36858
GRB060421.qdp,0,1088.392,1200.999,1471.14,1137.1295571426679,6.572604976094225e-06,191.9964820004006,1.3469873445216014,56920662.81977033,27985987.46914155,73.521028120247,399337.4572560277,213.23418473746216,73.20973737947871,140.02444735798343,9.029927,1.927535
GRB080714.qdp,0,886.677,957.416,1083.898,925.862678823396,129.04020159734816,19.31910967364633,1.9533413207015098,234.20193713118724,1925.1497180329752,88.44158203010562,153.84748288193575,516.4355810959119,34.94241500843501,481.4931660874769,12.63023,2.244053
GRB081226A.qdp,0,227.307,242.869,253.722,201.6684402904073,248.65816821154743,5.834622106553418,3.614251091923821e-11,0.97810896098376,0.0,0.3311663660013919,7.332424149428263e-11,5183.396346634101,3134.031701404696,2049.364645229405,384.9871,60.26339
GRB081226A.qdp,1,257.458,268.326,281.948,242.61843491489608,160.262105122104,3.6893319130279623,2.6999191825504304e-11,0.5969033252163266,0.0,0.15380801525630616,4.089908482021768e-11,5903.224257159335,2931.946606619291,2971.2776505400443,619.3045,106.9594
GRB100316A.qdp,0,108.148,124.51,136.46,105.49709871059004,136.23053307970503,2.972140368907759,7.031702113039498e-13,0.4407313672408694,0.0,0.12450291873566618,1.1381266640596087e-12,956.8176148622965,332.1402362689473,624.6773785933492,161.9271,18.95216
GRB100316A.qdp,1,192.021,197.222,202.92,184.9380127155315,77.55535466054869,1.779008133351889,1.0800032355684621e-11,0.17690338938704936,0.0,0.061252191353546794,1.35721026469027e-11,1259.702690763982,626.2742739061589,633.4284168578231,284.5944,36.82026
GRB100316A.qdp,2,226.231,234.449,245.073,218.35191124004527,105.60102724039058,2.4203897142377517,5.014609539595249e-12,0.3705815081530979,0.0,0.10688491969508046,8.101659601930538e-12,874.8518806232952,370.4076683594502,504.444212263845,172.6728,19.42723
GRB100316A.qdp,3,366.875,383.892,440.36,378.1847647889259,2.287121740363084,14.347162654930028,14.775164695375649,3.250172673793391,5.608923692231687,6.058790243702416,8.62122222245261,168.40480293061987,29.682034465936756,138.7227684646831,13.63343,2.074033
GRB100316A.qdp,4,484.528,654.251,752.397,519.7518192982224,114.94796072213585,127.91157941931452,14.742476909709234,129.3220552333715,471.3508491957236,209.3301298695698,5.601981712219937,877.4465932154486,428.8200789002554,448.6265143151932,11.59102,2.023165
GRB110731A.qdp,0,145.959,184.789,1856.789,89.27772725126191,7.811923219984214,289.8760011270956,0.575157972994651,146.53130415844956,33.05296321136183,1078.1381785237397,0.7144931746781141,134.92516059495443,15.891843785593897,119.03331680936054,11.82419,1.866644
GRB111209A.qdp,0,129.031,134.587,138.377,125.93054811801532,50.78040350451503,1.174258718155516,4.219199991331461e-12,0.18784435778556513,0.0,0.05514523115143966,7.188198186512171e-12,252.98885590991173,151.49203543447376,101.49682047543797,169.4022,19.32426
GRB111209A.qdp,1,144.873,154.714,160.768,135.64260737019185,114.40040595109956,2.614199875440453,1.55525263539987e-11,0.2861499668731345,0.0,0.09282290758936185,2.028837716621041e-11,2983.02975713549,1837.0410313479138,1145.9887257875762,460.5422,57.92625
GRB111209A.qdp,2,166.141,180.148,194.985,149.77966856069503,172.6063334910487,3.9355808727950032,1.4167214028253679e-11,0.47781571534084455,0.0,0.1348101991327566,1.7850299841381055e-11,4842.682433489948,3049.956168275517,1792.7262652144318,488.9336,61.01028
GRB060219.qdp,0,478.924,640.47,863.9,524.6911859182378,223.75702783595625,72.53778978296606,7.225824656820624,3355909.5079881856,40432.63113757796,556.3133825964849,42044.91792371747,820.6524252947028,215.71312197780233,604.9393033169005,7.495034,1.613471
GRB051221A.qdp,0,95.787,102.057,133.629,89.54393505173446,14.659471645385226,12.61136920850646,209.619554018746,1943.342753308283,36.37130196104584,15.569883482424865,229.28609236194683,1816.966451134033,399.8871005105551,1417.0793506234777,98.0806,14.6312
GRB051221A.qdp,1,362.334,366.117,386.597,363.36937273445824,1.82388510688555,6.3791397407793,11.326750271380082,10.256638630678566,15.12447753873873,6.933967684641015,22.977693514393366,52.75146170337557,7.65021738258871,45.10124432078686,55.18522,8.229956
GRB120305A.qdp,0,1070.213,1328.812,1851.099,1208.1156013754246,0.0023775636579621362,113.9771297558854,2.2022445256762446,306.4898316853384,681.1671718971013,202.7769034887205,10.071222074437157,250.0752088004627,163.91159433609445,86.16361446436824,1.414221,0.3102365
GRB130610A.qdp,0,200.418,213.87,219.458,200.37401176732456,2.53255175958823e-06,3.6245382514419093,74.43367351609236,2.1010419467276495,0.15010343089109512,0.6878505447296772,29.132522022164768,265.13845274407186,260.0176356423622,5.120817101709607,280.3194,39.0229
GRB130610A.qdp,1,662.762,745.73,1103.378,717.4080448291027,19.6331212024442,54.58624062260354,27.534668038335163,12.69844288086906,23.57938500684902,9.704828566757476,7.915679658834977,1121.8312042675248,185.00635853876506,936.8248457287598,18.11274,3.276843
GRB071117.qdp,0,255.875,312.784,404.875,273.83210970190254,43.23313314867823,35.178879124231145,25.003985004990604,7.779182604236713,26.353870596055366,4.758011654772716,2.934937046365565,648.0931719868076,187.6126111924283,460.4805607943793,12.75669,2.230782
GRB050502B.qdp,0,617.242,620.193,625.549,615.2935234098387,6.690469354116131,2.8243119487785733,69.7756924990335,0.421121132071363,2.1000814969380572,0.25170933263434414,23.234858575933515,199.00255274584123,83.7816469943243,115.22090575151694,86.59647,13.95565
GRB090929A.qdp,0,162.504,247.519,268.98,211.68825330511072,212.19907501136097,4.887238633955463,1.6020365770866935e-12,3.6369533964260703,0.0,1.0024051052452283,1.1966725696466645e-11,482.3663588431503,272.5867871286777,209.77957171447258,46.68482,6.959368
GRB130427B.qdp,0,95.5363255304454,124.079,133.306,85.32020497262597,211.35913310740864,4.815872752418815,5.4356632104863116e-11,0.37949038262906964,0.0,0.11502102513323352,4.77698398691944e-11,22168.678155350004,16692.72413920069,5475.954016149313,1420.85,148.7017
GRB090712.qdp,0,165.894,171.664,181.284,166.75595538159524,1.1164107156581862,10.527761804971373,9.3803697492111,8.018072497628742,8.956265504465438,12.749941276751102,17.23920689194335,56.94035672858213,20.904579711503647,36.03577701707848,144.3718,29.49542
GRB090712.qdp,1,254.594,276.518,294.232,263.149263640539,89.16640927521767,2.0166633611220064,1.0980595555093204e-12,0.8008909668094181,0.0,0.2241616776187712,4.533480126057237e-12,277.28060611399985,108.11162615897265,169.16897995502717,71.54792,15.00094
GRB111225A.qdp,0,240.402,264.608,274.559,223.79486909106905,244.34257299323457,5.639462189747612,4.197529330488361e-12,1.215281233929891,0.0,0.3907185542937454,1.0580747171155875e-11,1127.133246340652,737.0523369356388,390.08090940501336,94.10765,14.02877
GRB111225A.qdp,1,292.182,294.175,297.453,287.67839984138146,44.00406971278704,1.012978345424601,5.193949071613918e-12,0.29635462914115845,0.0,0.08359278496084002,1.5631974764266865e-11,282.40614292017506,106.44990675317402,175.95623616700104,96.75983,14.42414
GRB130606A.qdp,0,417.141,671.987,906.701,477.70558794713986,916.0068375619962,44.72022898145152,0.0001270319492013352,82.6490104926198,1131.2031487600384,16.113734680815448,0.0032175847924147153,2009.6129036968464,670.2344134971933,1339.3784901996532,15.47382,2.627191
GRB100526A.qdp,0,530.406,864.155,1155.405,168.98907236884395,4322.553314549568,103.32817293214156,1.597226308301266e-13,46.63883571615619,0.0,13.679118627968814,7.393010125811198e-13,236.00194967640752,120.09692704751191,115.90502262889561,3.791213,0.7927687
GRB060109.qdp,0,354.314,373.119,388.109,387.9651454563761,11.53873595551641,10.061410566190096,8.130642836442448e-13,101980344751933.66,383989000610500.94,92848874204259.44,3.6466388515000725,1.1932119922720062e-49,0.0,1.1932119922720062e-49,52.29825,7.796175
GRB060109.qdp,1,417.688,423.422,464.582,364.8308307783653,475.8874558160705,11.917161860340466,8.892556929761193e-12,4.312624390059557,0.0,1.3019477633027507,3.2278153004746495e-11,246.03066298833625,20.42184424397357,225.60881874436268,41.2426,6.148094
GRB060109.qdp,2,488.116,528.905,555.466,500.1635699855088,114.93671757131757,7.873574008837809,0.006435879942279655,15.860049574828139,190.33404531269238,4.159521508510107,0.1503578580604967,177.0790553248152,60.87193188434566,116.20712344046953,55.79964,8.318132
GRB060109.qdp,3,673.5,691.851,703.18,654.6084094821805,224.6624151258783,5.199869114873146,1.5291700503010207e-12,1.098072847587799,0.0,0.33244195886108724,3.544041070403236e-12,353.7106298605994,214.88307282197943,138.82755703861994,46.32675,6.830518
GRB060121.qdp,0,336.048,339.108,342.785,337.6391841621306,8.618285912017924,0.19870769637275526,2.6134223551467203e-12,0.10705215921693724,0.0,0.03232190836331558,1.8782979120355455e-12,31.69732690145306,17.763713334575446,13.933613566877613,93.36129,13.91749
GRB060121.qdp,1,631.611,634.491,640.946,631.5770708221606,0.21286402566359344,5.347784807219139,26.754748144358043,0.5017877617489767,0.21875210381545476,0.3485949272127628,3.9928429276609103,104.73910138960332,46.76401520383299,57.97508618577034,138.5194,16.92286
GRB060121.qdp,2,772.254,778.821,781.141,773.1182988884408,1.959301731723645,4.129616493589943,23.207230079022835,0.40982022881268043,1.0809727787881336,0.5633033919154015,3.3901255269131743,51.82399231226986,39.403937575897686,12.420054736372172,145.0044,17.58438
GRB060121.qdp,3,819.836,822.632,833.148,822.6319258863932,4.118120749211186e-06,4.832394035006194,27.95292184386442,0.13686253834277815,0.05744777614325779,0.30305695259156806,1.1739989430560185,119.76011663422014,0.014817300011462529,119.74529933420868,147.435,18.23709
GRB070326.qdp,0,173.277,175.722,190.734,165.45545333570348,79.40620267391046,1.8829014829296216,3.63678768599442e-12,0.9346760340625155,0.0,0.26506175458205644,1.8068505667735405e-11,144.96801185219599,23.062511845503703,121.90550000669228,50.9542,7.755191
GRB090205.qdp,0,119.51,183.686,191.725,158.4417407393017,997.23460436642,22.63171072724064,3.836939281077146e-11,1283458.0695233392,50146.705728877954,27496.774532648848,2.133829588764955e-08,1.279941607075352e-05,7.515677509990037e-10,1.2798664503002521e-05,97.79989,14.59137
GRB081016B.qdp,0,115.97,136.274,144.933,107.93501176252715,169.74748362204053,3.873642675150563,3.591678129032879e-12,0.6417031901467235,0.0,0.1951644895809486,6.656006569051461e-12,1073.2136586018034,671.3347932672191,401.87886533458436,110.8561,13.5433
GRB081016B.qdp,1,278.497,303.008,330.044,280.42141496276196,75.34713171951313,6.974898838686014,0.33186422454636744,7.813871214969026,80.48033115606128,2.2596254913845497,3.441836650673948,514.3068456757588,182.12858798457455,332.1782576911843,49.04745,7.311586
GRB080605.qdp,0,340.716,351.395,358.104,334.89083845625663,107.25799243190443,2.4562020851880186,3.920707131147723e-12,0.5802711512567892,0.0,0.1777844505235443,1.0399975864204037e-11,646.000091350313,315.69628966764367,330.30380168266936,109.3485,13.35909
GRB130725A.qdp,0,78.4587757106408,79.9774494441942,93.851,76.90817661080855,9.96627520583301,1.552480554930608,29.872292358749288,0.8418179151918169,7.653318729084955,0.5010283365811791,124.75162991943674,538.679478681493,83.56689777467119,455.11258090682185,259.838188978503,34.5457758988886
GRB130725A.qdp,1,685.38,1297.732,1479.677,746.4748972355824,0.00134883560565305,396.56597861739954,1.0016429799125315,54.07111278579597,14.819834995300827,100.04766023587463,0.3685797144096452,334.6327566271144,298.2306925194914,36.40206410762303,2.228649,0.4883996
GRB050815.qdp,0,124.484,128.02,146.229,120.05361372043251,22.453261374120856,15.975278774971992,91.5982742627615,171.9581960147001,20.426685955935966,10.772787898687552,62.811515200973346,575.8448866338822,24.987631585635256,550.8572550482469,146.5831,18.42991
GRB050815.qdp,1,198.45,239.027,274.471,225.42228182670888,60.06731938711023,3.2830005472816874,0.0007913527365449189,22.17967656069849,297.70196042911505,5.319547463591165,0.0723287556327256,168.8465058003714,56.44889887415816,112.39760692621326,36.19396,6.339251
GRB050815.qdp,2,334.595,450.229,510.032,335.83662129416746,726.2035057033811,16.959934895397076,6.080988065787575e-12,5.548088591816528,0.0,1.3209572657517659,1.7017186408999978e-11,3604.5044991280183,1711.7355281370033,1892.768970991015,61.74289,11.04623
GRB100901A.qdp,0,288.136,289.458,301.824,287.5015130978428,3.364969838381496,2.623564520145234,25.87556123923274,0.7426309289308486,2.5004542050017906,0.5144191606111241,4.034062954573819,54.17217298778972,5.51007599694791,48.66209699084181,57.45174,8.785072
GRB100901A.qdp,1,406.703,417.817,426.452,394.9183493212659,140.89365609615444,3.249259579403525,4.987468925514804e-12,0.31680344967442314,0.0,0.09717841558825151,5.425542069685611e-12,853.716238480474,475.1607875856388,378.55545089483513,116.0798,14.86134
GRB100901A.qdp,2,471.891,483.835,496.082,455.8994291201528,176.68337268864553,4.091602829468562,6.527526944141777e-12,0.40546571715651053,0.0,0.12304250091167392,7.1057656380488705e-12,1209.9091873787477,600.9133828284344,608.9958045503133,158.3917,19.52442
GRB100901A.qdp,3,531.679,535.938,549.602,521.8803580224625,138.63612740195617,3.402927455880641,7.167166356562041e-12,1.6507401675849618,0.0,0.5135094954825551,3.6761537219619005e-11,115.25574519893705,4.932578266482848,110.3231669324542,93.65607,14.0418
GRB100901A.qdp,4,549.602,561.528,567.641,558.7598583601838,3.5661766243407413,1.7747159740663947,72.07342982874825,0.9139450640876836,4.409194518722896,0.6244351679023048,67.80325408732494,127.94426120095065,46.170585444188426,81.77367575676223,125.214,15.45384
GRB100628A.qdp,0,169.014,184.763,229.116,199.67100345345503,1.8013905349436896,49.76043061102793,0.762195985841831,112.19202619878402,59.52474473178121,161.23898932462225,1.3234039849358015,13.584028529001614,0.0,13.584028529001614,16.03279,2.449771
GRB100805A.qdp,0,146.468,164.325,178.344,136.34650477882738,130.20660766867047,4.66681024607841,4.855137090083337e-07,5.5380841907649865,89.72229330214354,1.0117132579150416,9.894883104653215e-06,300.0234874052124,176.06063825588075,123.96284914933165,33.60463,5.010485
GRB100805A.qdp,1,283.443,325.896,362.287,314.7544430599466,4.809894075154543,16.884694793576735,13.89678073645176,1.0518751775635207,2.2678550464207405,2.0212881220037353,2.0803531762881695,161.77606137700775,49.30263742686152,112.47342395014621,16.23175,2.466722
GRB060108.qdp,0,525.918,532.586,538.832,515.6164722405916,103.24811960541419,2.386760699286056,2.903088538449415e-11,0.3464746203441493,0.0,0.05939768754281442,9.080969556358355e-13,3245.7615995785927,1810.087474881015,1435.6741246975776,534.4134,56.26946
GRB060108.qdp,1,655.724,670.386,676.883,638.2423043165315,202.11513318965697,4.693608358217133,1.0948374452775269e-11,0.5750303152641981,0.0,0.2209872202071971,1.871351049248787e-11,1693.1323417524957,1071.385465151179,621.7468766013167,186.653,20.12855
GRB060108.qdp,2,678.201,697.665,737.119,653.5794289766743,323.41353407547297,7.446257145754129,3.636399811272374e-11,0.5581363497527412,0.0,0.15141457946024725,2.6771131901332277e-11,16607.378317928153,4372.552549791908,12234.825768136245,669.5784,80.73413
GRB060108.qdp,3,770.535,771.634,788.739,769.5785608701124,1.0487617413236225,8.73850743435,141.35956046760813,0.31958828966501784,0.4688690032406612,0.7078963452329445,15.818837675051089,861.1393084311587,71.60790612657021,789.5314023045885,158.2985,18.65658
GRB060108.qdp,4,831.867,837.523,851.08,841.9134439820211,2.3352437958843944e-05,6.008745681844735,14.259639855846617,0.5761618604815398,0.891924664798901,2.4235387134523574,7.962032368018841,67.05895816689599,0.0,67.05895816689599,47.21964,7.22459
GRB060108.qdp,5,954.506,981.415,994.439,970238.7369536378,697.939990324025,547.5479376044493,573.3861708503102,10995195186.281557,585551.3331925622,476599.7147587559,6674188.994818553,0.0,0.0,0.0,39.56816,6.053918
GRB071013.qdp,0,175.806,189.638,204.066,162.56816266465384,181.81660502038943,4.18058520505913,3.2618071592968374e-12,1.7061908387779703,0.0,0.4748878141553318,1.3502856220473263e-11,821.0987214110535,337.4756962559816,483.6230251550719,68.61764,15.85031
GRB060111A.qdp,0,115.253,118.916,128.825,109.43763642804987,71.7428065519608,1.7719346753709984,1.0175187596518081e-10,2.2776685803774654,42.597743860880534,0.30515833611986887,2.6479703242691495e-09,900.504644877813,170.370672383289,730.1339724945241,213.618,29.40708
GRB060111A.qdp,1,267.498,317.465,364.098,259.09450676781387,406.64116131058495,9.53810810134994,3.6158433110615296e-12,3.417991358636008,0.0,0.6823308658908033,9.300926728479659e-12,1066.6918616830058,342.4713533838383,724.2205082991674,32.50317,4.845295
GRB061002.qdp,0,66.396,75.412,80.787,63.11534050552311,69.86546669933347,1.5894157516086003,6.401851237902747e-11,0.17843275436312367,0.0,0.045929181987700754,6.831767823360066e-11,9733.185991577615,6315.913797384308,3417.2721941933078,2118.655,227.5263
GRB061002.qdp,1,1624.992,1637.965,1675.255,1622.388079346057,10.512934315452458,17.224950560538353,6.702764104315576,2.135274275990921,6.539262196992277,2.9815378295082686,0.9634279453794578,75.73557061356047,25.221422764829768,50.5141478487307,7.30211,1.333178
GRB130206A.qdp,0,242.857,341.241,522.412,175.29632332486457,1063.6313236822755,24.478163697629565,8.001228588444978e-13,6.9231633994224735,0.0,1.9422150119206323,2.312407538778881e-12,1274.5380709359415,554.3880269569728,720.1500439789688,17.79997,3.208536
GRB130206A.qdp,1,706.137,826.029,960.59,751.501613689272,456.13261263910726,10.131119263583926,2.098675123680513e-13,7.640889142332886,0.0,1.9050995150456687,1.4956761876081482e-12,532.4634720763271,281.37172198780354,251.09175008852358,14.86159,2.480783
GRB060526.qdp,0,108.061,113.909,118.621,100.77740450837945,78.75413714167586,1.8159993664118323,7.386063263133226e-12,0.3908490461717027,0.0,0.10234564042770124,1.5131692211100332e-11,707.974018222038,416.4534335778586,291.52058464417945,186.12,30.32527
GRB060526.qdp,1,122.612,132.222,134.917,113.7462156411156,102.36970046596821,2.3581062794407535,8.432516276639005e-12,0.5126150302483637,0.0,0.15748152866249823,2.053190442174435e-11,1002.1556329709038,794.9415137136677,207.21411925723604,206.2002,23.2709
GRB060526.qdp,2,135.53,137.038,156.727,124.76857803873932,30.770320249006737,10.461406204354667,137.21758352888335,206.00024852303082,27.21309599803307,10.662248632263324,241.77912123156523,1493.4001799763405,89.90662099548452,1403.493558980856,191.2229,21.94887
GRB060526.qdp,3,157.922,175.76,196.864,151.69551595939808,151.8615071883536,3.84803686584621,2.2305692500599717e-10,4.6343280927564034,88.40029890371213,0.6907912711764617,5.607792747685765e-09,1847.1299743957295,726.6276094848747,1120.5023649108548,156.1631,19.18888
GRB100219A.qdp,0,195.226,209.18,223.949,189.7666815140288,49.74562914400703,6.055402791061136,38.42951192781826,1.8433729083102512,18.214317346884062,0.7713695784732991,99.98407430117692,8003.986520544299,3979.424329495156,4024.562191049143,778.2718,94.7693
GRB100219A.qdp,1,255.29,263.196,289.771,253.82687724422985,7.1228992825447,8.865321139131597,756.4012110059856,0.8082679946217862,2.572521516815219,0.7873615383715074,39.221612644944784,4728.489709151756,1623.2944589631863,3105.19525018857,811.8059,96.59207
GRB130420B.qdp,0,166.366,171.552,177.355,160.77338384508107,71.28611926913416,1.6394359632708986,2.54585274086753e-11,0.2176076694242568,0.0,0.05992270290617889,3.3954222126458995e-11,2524.428163665193,1079.8330557572324,1444.595107907961,476.6213,63.94707
GRB130420B.qdp,1,205.161,221.098,247.014,187.94755240612193,185.97594150668925,5.677396053906249,1.2420857623538878e-07,3.6028518391833826,64.71821797169855,0.6146281219312869,1.5225096615296669e-06,5310.742079678432,2252.754870862015,3057.9872088164166,280.254,39.25844
GRB130725B.qdp,0,230.627,427.465,785.761,233.1074476397506,621.1265825574793,51.284503385160896,0.012850813308695641,508.0343221531089,4915.695848816439,100.90617604472777,1.0907607994780002,394.73282985555204,175.85609802890062,218.87673182665142,5.918591,1.267318
GRB050525A.qdp,0,160.327,315.517,420.529,245.72937924917971,195.97487645793277,22.625760268874874,1.5691980601354387,22.66757684849092,180.482292568357,5.251607823847534,10.241480317950947,1804.1863635820832,714.2773536118556,1089.9090099702275,32.83957,5.73223
GRB120816A.qdp,0,301.775,657.064,1140.727,491.6039382314862,1029.0856485867537,23.311681836539584,3.796090209354369e-14,55.747873480414384,0.0,15.517082996244431,9.364503390506835e-13,104.53666054455186,51.13657064167257,53.4000899028793,3.20309,0.7207365
GRB060719.qdp,0,244.212,302.298,387.211,187.65691919629737,795.3585511987847,18.40442510905695,1.431467782895711e-12,3.0334835911176725,0.0,0.8397727837542884,2.361470060010901e-12,1326.123500591219,448.5418310716713,877.5816695195476,25.85951,4.052535
GRB060719.qdp,1,588.786,699.65,804.452,652.0998111259609,35.09618192475502,56.20374587754716,11.36601767464298,152799189.0826971,290137.6276311556,233404.39016263522,2520983.4127248316,399.8626364343581,124.05322810311985,275.8094083312382,5.921775,1.086882
GRB070913.qdp,0,381.175,438.582,510.112,347.6309045187551,676.2621451758092,15.655168517030102,1.5970612236015742e-12,3.0505648446518543,0.0,0.8971787940569832,3.3106696583811477e-12,1212.2013308657042,308.7400786911277,903.4612521745764,31.14264,4.886904
GRB061110A.qdp,0,313.681,322.336,329.768,306.4559023528076,100.57313167957741,2.3140984950676087,2.8375197371636417e-12,0.3143822552539375,0.0,0.08579751210753493,3.84094342468214e-12,389.9413899944207,194.4404092753967,195.50098071902403,61.09873,7.88783
GRB061110A.qdp,1,331.851,359.682,371.976,304.54351966327187,308.9904180699105,7.130337601447679,2.637591364455864e-12,1.8447599084921282,0.0,0.5451090678086365,7.328411329992837e-12,939.6938102298977,682.6456058381154,257.0482043917823,72.85902,9.328662
GRB061110A.qdp,2,375.437,385.634,408.239,358.9044023047957,186.50228617166803,4.3817538261256805,2.514722105140806e-12,1.3327042947402663,0.0,0.3855241753395543,7.883450142318584e-12,320.14446299544943,98.354614868987,221.78984812646243,51.44874,6.642018
GRB061110A.qdp,3,1233.342,1356.369,1799.135,1279.5874557889613,87.72134663612404,54.22606974179921,6.097880190958423,6.522810541920415,27.088771258321817,3.5372209778021824,0.8720673215568711,296.6665386396129,101.66893034282549,194.9976082967874,4.107108,0.6381849
GRB070318.qdp,0,92.457,102.798,118.751,90.62729975278948,59.76828801924596,3.611146979163805,0.003945046631530684,11.325422799870982,135.89697996673382,2.3406768203730945,0.14310557510093108,226.19254784780384,44.97716256820281,181.21538527960104,46.92785,6.999442
GRB070318.qdp,1,158.079,188.376,220.218,157.863521164726,131.74334381571782,7.011877000348903,0.0009082548410166111,7.871887539908531,103.11811798318708,1.6310596132987467,0.013229669836366028,588.8316804943055,227.50483568205402,361.32684481225147,41.08512,6.248752
GRB070920B.qdp,0,304.923,339.068,478.819,304.92204114661604,0.0001181300998836034,189.04992566708955,0.1600406777850931,12.417684506969003,34.328441796497856,672.1291980006107,0.3989603663057107,18.195930027812217,4.999218450338535,13.19671157747368,8.813404,1.609102
GRB070920B.qdp,1,509.577,686.556,850.996,519.2588623873115,875.3523814148964,19.906658255855184,1.5758980962977857e-13,16.507975719404225,0.0,4.539981523473458,1.3281982722124162e-12,319.7867818651557,232.54372578343197,87.24305608172375,9.147684,2.051794
GRB120102A.qdp,0,168.371,205.31,213.558,164.6581877674941,95.16579117532878,2.2294158285864034,5.779619715340558e-13,8.287977527974872,0.0,2.54016432266172,2.3583434238678183e-11,43.83462815172858,43.82900139546009,0.005626756268489853,59.47025,9.061902
GRB061007.qdp,0,128.121,139.396,149.695,119.14057770301663,135.15601038653824,3.1400413261389817,6.163142195704784e-12,0.8243507357524229,0.0,0.24515819404287237,1.734419417428962e-11,785.700297231823,329.1533321128869,456.5469651189361,123.4036,15.29789
GRB070429A.qdp,0,1255.644,1814.96,1991.52,1406.2794466029231,516.6991056288261,11.800754816881879,3.713909780656412e-14,59.26709213893237,0.0,14.370533132854833,1.6585730632168968e-12,38.08229536875263,38.08229536754138,1.2112532087769586e-09,2.096627,0.4575216
GRB130505A.qdp,0,126.989,137.32,207.583,129.94621310858136,2.3270752421723735,29.676291346202476,6.780475701202171,4.44235386262808,4.108241290198075,4.545115457119257,2.1332281246033915,158.6332851749047,21.01833850799864,137.61494666690606,8.330733,1.523084
GRB061222B.qdp,0,164.145,174.944,190.407,164.93115648478204,90.05629881962972,2.117881185618112,4.1636841799814536e-12,1.695577966942069,0.0,0.4937397208805895,1.633629494963685e-11,254.77108957835958,19.216425912412582,235.554663665947,173.4341,20.22146
GRB050713B.qdp,0,344.449,380.194,483.994,328.8524103036562,92.6202327989228,34.45935678465442,10.065831514957484,929.4606495903345,248.57195934117092,61.94517127698009,158.89735319525172,447.0465017672701,115.80959548279496,331.23690628447514,13.33903,2.175864
GRB090831C.qdp,0,71.3488988298942,87.451,104.688,85.84538285472756,1.0493623297728406e-06,6.633148155470389,1351.8881022531396,0.245469502916424,0.06088293041862346,0.29510040003174653,141.79967310318455,8443.092263371818,1927.2632959661591,6515.82896740566,1468.536,183.7928
GRB120401A.qdp,0,1266.537,1308.923,1324.761,1258.856805756822,295.61640368357934,6.824590006511697,1.0996966193129791e-12,2.5187125474115617,0.0,0.7599164413964437,4.450381615847791e-12,381.6427347457394,240.45486767608048,141.18786706965892,40.86242,6.091509
GRB120817A.qdp,0,211.546,226.653,244.069,202.4588686313603,91.05204944675165,6.281596318693981,0.5153837470657217,1.172047529467924,14.440030765763957,0.33340899577442124,1.1555871297091709,10140.63175158428,4261.796684339664,5878.835067244616,1088.47,112.5381
GRB050813.qdp,0,216.136,237.551,249.143,209.96756525795544,73.67113387415635,11.120495341002718,54.962099602692064,5.648094799683592,58.46812530839295,4.650151148144476,266.4252706323579,5055.238768232718,2480.533204993713,2574.705563239005,294.5312,37.33843
GRB080207.qdp,0,185.095,186.612,198.797,184.89436307050178,0.8271815176310422,6.792609220982311,29.325147793949345,1.27670818329529,1.4512903213172117,1.6702847830766205,11.772610001960265,137.77874611158308,16.176858026212226,121.60188808537086,105.0631,12.88545
GRB080207.qdp,1,433.327,477.106,490.49,419.82573340989103,290.93474993606156,6.539728721541655,1.4584684415740308e-12,3.5067291855905514,0.0,0.7310036511514928,6.032241427320294e-12,1414.781755151291,1162.7710180428176,252.01073710847345,31.69717,4.728605
GRB111018A.qdp,0,275.312,279.436,299.057,275.3010141068268,1.0785697591479842e-05,13.60487351213129,12.570253468286296,0.5321086737274054,0.35419496236660286,2.970255640598202,2.4540411797594412,141.04466193019195,44.68309389071167,96.36156803948029,75.89123,11.54522
GRB111018A.qdp,1,308.291,316.841,327.134,295.4778648706451,144.75758631735044,3.3657154592626823,4.508713406178845e-12,0.603430539155046,0.0,0.18118170950983997,8.75104752159583e-12,573.1760791848329,228.79501312498567,344.3810660598472,99.17791,14.31511
GRB091109B.qdp,0,274.546,315.244,344.467,263.16077199819097,345.0409557957754,7.972897694700438,1.3392251726889612e-12,3.434966884838326,0.0,0.8850589133581362,5.400541640471381e-12,547.6245157177066,230.27878589815995,317.3457298195466,19.10127,2.847463
GRB061210.qdp,0,101.253,108.106,121.707,101.32614699977165,57.75906419618648,1.3438833584531003,1.3991820640678028e-12,1.0272273510457657,0.0,0.2938411433574544,1.1025862439507179e-11,81.9520063695681,8.956410638755923,72.99559573081217,62.39701,9.889513
GRB080205.qdp,0,174.451,182.337,191.42,172.14598058961218,18.802717186437988,3.430484197549862,0.7575322578849766,38.65907758734519,281.7564186958853,15.075210511018414,45.611844720014744,15.861797832537135,9.001568647643687,6.860229184893448,47.37698,7.067155
GRB120913B.qdp,0,93.644,126.461,159.297,108.06812897127197,49.01337466362261,8.990439926402138,2.6498681257039727,20.285304491552623,153.4869239389652,8.75575054187045,33.53201190392036,143.5332369475936,34.9611702401674,108.57206670742619,43.49457,7.223724
GRB070429B.qdp,0,302.507,309.515,316.395,299.84111374997406,9.517935025075417,4.007551204085833,84.21550827953068,0.9444867331612492,4.935152519004055,0.6222137446773792,46.7508319248348,363.4445035251643,242.87813055419906,120.56637297096522,118.681,14.59105
GRB081127.qdp,0,254.716,271.349,284.451,254.41065560471912,131.2327195901636,2.974802612881922,9.541819981708157e-12,0.4788832916505118,0.0,0.1525849107723185,1.8111205143505994e-11,2943.0486415260016,657.9094829434977,2285.139158582504,410.4764,51.04628
GRB120909A.qdp,0,282.983,293.269,303.492,268.0248269654246,155.430738627651,3.5703662786376604,8.288064270038806e-12,0.2126205116411287,0.0,0.061166515293933854,5.185514786953056e-12,1798.1484696563425,969.240299381949,828.9081702743936,246.3672,31.64793
GRB120909A.qdp,1,461.648,466.507,473.093,460.4960000351453,0.018406982909926917,7.410551233803615,29.102668742265898,21.5526019002999,0.47955195170244574,0.5180873627601389,82.79347028584704,144.84667844708758,88.40159744916137,56.44508099792622,73.47165,10.95252
GRB120909A.qdp,2,853.937,859.969,863.604,845.0583507200323,83.04468918419477,1.9085189357754806,4.4058406301228076e-12,0.20499056982431338,0.0,0.059247666160803195,4.9987529607838724e-12,472.97282711730946,334.096065771382,138.8767613459275,133.1541,16.26738
GRB090823.qdp,0,155.039,162.238,168.309,159.09153587820458,2.8916837622828155,2.518251701427399,84.79801761347807,0.4696615496746438,1.7863823549038347,0.43875836172763183,7.021015391575466,154.06074929143318,58.18815573822752,95.87259355320566,110.7747,13.6032
GRB090823.qdp,1,900.842,987.382,1499.346,939.4988465716708,22.8087848933884,95.79593760109897,2.602725087569454,12.898142387364059,22.6635657721246,13.298748278742247,0.6251762691210491,192.7598957135156,38.62986810659598,154.1300276069196,2.196289,0.4953303
GRB121027A.qdp,0,476.44,777.111,985.979,503.33637140877374,1508.888434873036,45.00847601404465,3.7472988566730455e-10,144.53109137957193,2618.322179675414,25.42385988740434,2.3781840949271484e-08,243.86799987316823,113.88545634866246,129.98254352450576,3.015679,0.6456529
GRB111215A.qdp,0,389.197,406.113,418.669,366.6278457261042,234.0705984992598,5.3692569519203115,2.068369266757083e-12,0.9670490428723807,0.0,0.2886603422853971,4.068919712463516e-12,695.3903326393637,429.10526662797633,266.28506601138736,54.45744,8.33829
GRB101219B.qdp,0,902.419,1178.984,1217.897,1946.8651818676597,136.19072303344555,61.59621050595091,1634.030709148033,825.0963912986756,642.9870029932263,87.49757708269057,8358.098615633065,0.0,0.0,0.0,26.53894,6.035186
GRB090407.qdp,0,81.6335397270177,108.718,112.867,866.2631807289745,28.404290020072143,32.46564852900153,6448.714192981402,5510535.437884028,145012.63008918127,10597.535772580108,28695757.59913216,0.0,0.0,0.0,96.38873,12.9971
GRB090407.qdp,1,142.101,149.458,155.242,137.34860713711225,78.64968846938177,1.822059498808987,6.200412746843609e-12,0.5027890494823646,0.0,0.15383903168902238,1.894799964982619e-11,512.7842803141139,236.54654467860158,276.23773563551225,193.1395,20.47285
GRB060223A.qdp,0,120.821,130.89,136.145,116.14567171069334,90.03432311106121,2.033227028220043,1.8824272764457055e-11,0.20877504363688812,0.0,0.06530376624127969,2.248861057864163e-11,4477.137869331516,2635.770608143841,1841.3672611876755,678.5758,80.91031
GRB060223A.qdp,1,335.089,338.81,366.743,335.08918661472103,4.851570047181752e-05,41.77326981538268,0.5855482611244471,3.149321540624155,6.0302204658205,36.28533788352077,0.43774209066335157,12.994689421334865,2.08393903674898,10.910750384585885,14.18992,2.11531
GRB060223A.qdp,2,594.681,624.28,890.249,601.3710347708991,0.17814723587228637,203.41898293400558,1.2272204925941521,1397.3578639050434,45.1169990112678,175.86690647687266,7.575569151945532,187.98824501465361,25.479657694356224,162.50858732029738,8.36177,1.832521
GRB090309A.qdp,0,152.445,187.175,254.625,153.93896946036753,39.56652652936803,18.778737025995802,12.493693562219708,23.217092605012784,97.60827956473001,10.229680247655326,25.089028358887123,246.24351366122704,106.46506318034677,139.77845048088028,8.615557,1.805657
GRB090201.qdp,0,169.177,183.435,200.089,165.57649870138596,146.65958927219484,3.372650602256483,7.095055201870717e-12,0.8146465142142204,0.0,0.2326493905853088,1.7840356965862427e-11,1467.5990510086592,226.57368215099862,1241.0253688576606,165.3714,19.39994
